Lattice Timing Report -  Setup  and Hold, Version Radiant Software (64-bit) 2026.1.0.37.0

Sat Sep 12 16:13:18 2026

Copyright (c) 1991-1994 by NeoCAD Inc. All rights reserved.
Copyright (c) 1995 AT&T Corp.   All rights reserved.
Copyright (c) 1995-2001 Lucent Technologies Inc.  All rights reserved.
Copyright (c) 2001 Agere Systems   All rights reserved.
Copyright (c) 2002-2026 Lattice Semiconductor Corporation,  All rights reserved.

Command line:    timing -sethld -v 10 -u 10 -endpoints 10 -nperend 1 -sp High-Performance_1.2V -hsp m -pwrprd -html -rpt lab2_iv_impl_1.twr lab2_iv_impl_1.udb -gui -msgset C:/Users/ivera/Downloads/fpga_dev_board_test/lab2_iv/promote.xml

-----------------------------------------
Design:          top
Family:          iCE40UP
Device:          iCE40UP5K
Package:         SG48
Performance:     High-Performance_1.2V
Package Status:                     Preliminary    Version 1.5
**Performance Hardware Data Status :   Advanced Version 1.0
-----------------------------------------


=====================================================================
                    Table of Contents
=====================================================================
    1  Timing Overview
        1.1  SDC Constraints
        1.2  Constraint Coverage
        1.3  Overall Summary
        1.4  Unconstrained Report
        1.5  Combinational Loop
    2  Setup at Speed Grade High-Performance_1.2V Corner at 100 Degrees
        2.1  Clock Summary
        2.2  Endpoint slacks
        2.3  Detailed Report
    3  Hold at Speed Grade m Corner at -40 Degrees
        3.1  Endpoint slacks
        3.2  Detailed Report

=====================================================================
                    End of Table of Contents
=====================================================================

==============================================
1  Timing Overview
==============================================

1.1  SDC Constraints
=====================
create_clock -name {int_osc} -period 20.8333 [get_pins {hf_osc/CLKHF }] 

1.2  Constraint Coverage
---------------------------
Constraint Coverage: 72.7848%


1.3  Overall Summary
---------------------------
 Setup at Speed Grade High-Performance_1.2V Corner at 100 Degrees     Timing Errors: 0 endpoints;  Total Negative Slack: 0.000 ns 
 Hold at Speed Grade m Corner at -40 Degrees                          Timing Errors: 0 endpoints;  Total Negative Slack: 0.000 ns 

1.4  Unconstrained Report
===========================

1.4.1  Unconstrained Start/End Points
--------------------------------------

Clocked but unconstrained timing start points
--------------------------------------------------
There is no start point satisfying reporting criteria


Clocked but unconstrained timing end points
-------------------------------------------------------------------
         Listing 10 End Points          |           Type           
-------------------------------------------------------------------
{scanner/rowSelect/out_FSM_i0/SR   scanner/rowSelect/out_FSM_i1/SR}                           
                                        |           No arrival time
{scanner/rowSelect/out_FSM_i2/SR   scanner/rowSelect/out_FSM_i3/SR}                           
                                        |           No arrival time
{scanner/rowSelect/count___i1/SP   scanner/rowSelect/count___i0/SP}                           
                                        |           No arrival time
{scanner/rowSelect/count___i1/SR   scanner/rowSelect/count___i0/SR}                           
                                        |           No arrival time
{scanner/rowSelect/count___i2/SP   scanner/rowSelect/count___i3/SP}                           
                                        |           No arrival time
{scanner/rowSelect/count___i2/SR   scanner/rowSelect/count___i3/SR}                           
                                        |           No arrival time
{scanner/rowSelect/count___i4/SP   scanner/rowSelect/count___i5/SP}                           
                                        |           No arrival time
{scanner/rowSelect/count___i4/SR   scanner/rowSelect/count___i5/SR}                           
                                        |           No arrival time
{scanner/rowSelect/count___i6/SP   scanner/rowSelect/count___i7/SP}                           
                                        |           No arrival time
{scanner/rowSelect/count___i6/SR   scanner/rowSelect/count___i7/SR}                           
                                        |           No arrival time
-------------------------------------------------------------------
                                        |                          
Number of unconstrained timing end poin |                          
ts                                      |                        52
                                        |                          
-------------------------------------------------------------------

1.4.2  Start/End Points Without Timing Constraints
---------------------------------------------------

I/O ports without constraint
----------------------------
Possible constraints to use on I/O ports are:
set_input_delay,
set_output_delay,
set_max_delay,
create_clock,
create_generated_clock,
...

-------------------------------------------------------------------
     Listing 10 Start or End Points     |           Type           
-------------------------------------------------------------------
s1[3]                                   |                     input
s1[2]                                   |                     input
s1[1]                                   |                     input
s1[0]                                   |                     input
s2[3]                                   |                     input
s2[2]                                   |                     input
s2[1]                                   |                     input
s2[0]                                   |                     input
cols[3]                                 |                     input
cols[2]                                 |                     input
-------------------------------------------------------------------
                                        |                          
Number of I/O ports without constraint  |                        31
                                        |                          
-------------------------------------------------------------------

Nets without clock definition
Define a clock on a top level port or a generated clock on a clock divider pin associated with this net(s).
--------------------------------------------------
There is no instance satisfying reporting criteria



1.5  Combinational Loop
========================
None

===============================================================
2  Setup at Speed Grade High-Performance_1.2V Corner at 100 Degrees
===============================================================

2.1  Clock Summary
=======================

2.1.1 Clock "int_osc"
=======================
create_clock -name {int_osc} -period 20.8333 [get_pins {hf_osc/CLKHF }] 

Single Clock Domain
-------------------------------------------------------------------------------------------------------
             Clock int_osc              |                    |       Period       |     Frequency      
-------------------------------------------------------------------------------------------------------
 From int_osc                           |             Target |          20.833 ns |         48.000 MHz 
                                        | Actual (all paths) |          20.792 ns |         48.095 MHz 
hf_osc/CLKHF (MPW)                      |   (50% duty cycle) |          20.792 ns |         48.095 MHz 
-------------------------------------------------------------------------------------------------------

Clock Domain Crossing

2.2  Endpoint slacks
=======================
-------------------------------------------------------
          Listing 10 End Points          |    Slack    
-------------------------------------------------------
scanner/rowSelect/count___i23/D          |    4.113 ns 
scanner/rowSelect/count___i24/D          |    4.761 ns 
scanner/rowSelect/count___i22/D          |    5.539 ns 
scanner/rowSelect/count___i21/D          |    6.147 ns 
{scanner/rowSelect/out_FSM_i2/SP   scanner/rowSelect/out_FSM_i3/SP}              
                                         |    6.188 ns 
{scanner/rowSelect/out_FSM_i0/SP   scanner/rowSelect/out_FSM_i1/SP}              
                                         |    6.188 ns 
scanner/rowSelect/count___i20/D          |    6.371 ns 
scanner/rowSelect/count___i17/D          |    6.660 ns 
timeMultiplexer/count___i19/D            |    6.701 ns 
scanner/rowSelect/count___i19/D          |    6.701 ns 
-------------------------------------------------------
                                         |             
Setup # of endpoints with negative slack:|           0 
                                         |             
-------------------------------------------------------

2.3  Detailed Report
=======================


XXXXXXXXXXXXXXXXXXXXXXXXXXXXXXXXXXXXXXXXXXXXXXXXXXXXXXXXXX

Detail report of critical paths

XXXXXXXXXXXXXXXXXXXXXXXXXXXXXXXXXXXXXXXXXXXXXXXXXXXXXXXXXX

+++++++++++++++++++++++++++++++++++++++++++++++++++++++++++++++++++++ 
                    Detailed Report for timing paths 
+++++++++++++++++++++++++++++++++++++++++++++++++++++++++++++++++++++ 

++++ Path 1 ++++++++++++++++++++++++++++++++++++++++++++++++++++++++++ 

Path Begin       : scanner/rowSelect/count___i0/Q  (SLICE_R18C4A)
Path End         : scanner/rowSelect/count___i23/D  (SLICE_R17C6C)
Source Clock     : int_osc (R)
Destination Clock: int_osc (R)
Logic Level      : 26
Delay Ratio      : 47.0% (route), 53.0% (logic)
Clock Skew       : 0.000 ns 
Setup Constraint : 20.833 ns 
Path Slack       : 4.113 ns  (Passed)


Source Clock Path
Name                                      Cell/Site Name     Delay Name           Incr      Arrival/Required Time  Fanout  
----------------------------------------  -----------------  -------------------  --------  ---------------------  ------  
hf_osc/CLKHF                              HFOSC_HFOSC_R1C32  CLOCK LATENCY           0.000                  0.000  28      
timeMultiplexer/int_osc                                      NET DELAY               5.499                  5.499  28      
{scanner/rowSelect/count___i1/CK   scanner/rowSelect/count___i0/CK}
                                                             CLOCK PIN               0.000                  5.499  1       


Data Path
Name                                      Cell/Site Name     Delay Name           Incr      Arrival/Required Time  Fanout  
----------------------------------------  -----------------  -------------------  --------  ---------------------  ------  
scanner/rowSelect/count___i0/CK->scanner/rowSelect/count___i0/Q
                                          SLICE_R18C4A       CLK_TO_Q1_DELAY         1.388                  6.887  2       
scanner/rowSelect/count[0]                                   NET DELAY               2.075                  8.962  2       
scanner/rowSelect/add_6_add_5_1/B1->scanner/rowSelect/add_6_add_5_1/CO1
                                          SLICE_R19C4A       B1_TO_COUT1_DELAY       0.357                  9.319  2       
scanner/rowSelect/n585                                       NET DELAY               0.000                  9.319  2       
scanner/rowSelect/add_6_add_5_3/CI0->scanner/rowSelect/add_6_add_5_3/CO0
                                          SLICE_R19C4B       CIN0_TO_COUT0_DELAY     0.277                  9.596  2       
scanner/rowSelect/n1368                                      NET DELAY               0.000                  9.596  2       
scanner/rowSelect/add_6_add_5_3/CI1->scanner/rowSelect/add_6_add_5_3/CO1
                                          SLICE_R19C4B       CIN1_TO_COUT1_DELAY     0.277                  9.873  2       
scanner/rowSelect/n587                                       NET DELAY               0.000                  9.873  2       
scanner/rowSelect/add_6_add_5_5/CI0->scanner/rowSelect/add_6_add_5_5/CO0
                                          SLICE_R19C4C       CIN0_TO_COUT0_DELAY     0.277                 10.150  2       
scanner/rowSelect/n1371                                      NET DELAY               0.000                 10.150  2       
scanner/rowSelect/add_6_add_5_5/CI1->scanner/rowSelect/add_6_add_5_5/CO1
                                          SLICE_R19C4C       CIN1_TO_COUT1_DELAY     0.277                 10.427  2       
scanner/rowSelect/n589                                       NET DELAY               0.000                 10.427  2       
scanner/rowSelect/add_6_add_5_7/CI0->scanner/rowSelect/add_6_add_5_7/CO0
                                          SLICE_R19C4D       CIN0_TO_COUT0_DELAY     0.277                 10.704  2       
scanner/rowSelect/n1374                                      NET DELAY               0.000                 10.704  2       
scanner/rowSelect/add_6_add_5_7/CI1->scanner/rowSelect/add_6_add_5_7/CO1
                                          SLICE_R19C4D       CIN1_TO_COUT1_DELAY     0.277                 10.981  2       
scanner/rowSelect/n591                                       NET DELAY               0.555                 11.536  2       
scanner/rowSelect/add_6_add_5_9/CI0->scanner/rowSelect/add_6_add_5_9/CO0
                                          SLICE_R19C5A       CIN0_TO_COUT0_DELAY     0.277                 11.813  2       
scanner/rowSelect/n1377                                      NET DELAY               0.000                 11.813  2       
scanner/rowSelect/add_6_add_5_9/CI1->scanner/rowSelect/add_6_add_5_9/CO1
                                          SLICE_R19C5A       CIN1_TO_COUT1_DELAY     0.277                 12.090  2       
scanner/rowSelect/n593                                       NET DELAY               0.000                 12.090  2       
scanner/rowSelect/add_6_add_5_11/CI0->scanner/rowSelect/add_6_add_5_11/CO0
                                          SLICE_R19C5B       CIN0_TO_COUT0_DELAY     0.277                 12.367  2       
scanner/rowSelect/n1380                                      NET DELAY               0.000                 12.367  2       
scanner/rowSelect/add_6_add_5_11/CI1->scanner/rowSelect/add_6_add_5_11/CO1
                                          SLICE_R19C5B       CIN1_TO_COUT1_DELAY     0.277                 12.644  2       
scanner/rowSelect/n595                                       NET DELAY               0.000                 12.644  2       
scanner/rowSelect/add_6_add_5_13/CI0->scanner/rowSelect/add_6_add_5_13/CO0
                                          SLICE_R19C5C       CIN0_TO_COUT0_DELAY     0.277                 12.921  2       
scanner/rowSelect/n1383                                      NET DELAY               0.000                 12.921  2       
scanner/rowSelect/add_6_add_5_13/CI1->scanner/rowSelect/add_6_add_5_13/CO1
                                          SLICE_R19C5C       CIN1_TO_COUT1_DELAY     0.277                 13.198  2       
scanner/rowSelect/n597                                       NET DELAY               0.000                 13.198  2       
scanner/rowSelect/add_6_add_5_15/CI0->scanner/rowSelect/add_6_add_5_15/CO0
                                          SLICE_R19C5D       CIN0_TO_COUT0_DELAY     0.277                 13.475  2       
scanner/rowSelect/n1386                                      NET DELAY               0.000                 13.475  2       
scanner/rowSelect/add_6_add_5_15/CI1->scanner/rowSelect/add_6_add_5_15/CO1
                                          SLICE_R19C5D       CIN1_TO_COUT1_DELAY     0.277                 13.752  2       
scanner/rowSelect/n599                                       NET DELAY               0.555                 14.307  2       
scanner/rowSelect/add_6_add_5_17/CI0->scanner/rowSelect/add_6_add_5_17/CO0
                                          SLICE_R19C6A       CIN0_TO_COUT0_DELAY     0.277                 14.584  2       
scanner/rowSelect/n1389                                      NET DELAY               0.000                 14.584  2       
scanner/rowSelect/add_6_add_5_17/CI1->scanner/rowSelect/add_6_add_5_17/CO1
                                          SLICE_R19C6A       CIN1_TO_COUT1_DELAY     0.277                 14.861  2       
scanner/rowSelect/n601                                       NET DELAY               0.000                 14.861  2       
scanner/rowSelect/add_6_add_5_19/CI0->scanner/rowSelect/add_6_add_5_19/CO0
                                          SLICE_R19C6B       CIN0_TO_COUT0_DELAY     0.277                 15.138  2       
scanner/rowSelect/n1392                                      NET DELAY               0.000                 15.138  2       
scanner/rowSelect/add_6_add_5_19/CI1->scanner/rowSelect/add_6_add_5_19/CO1
                                          SLICE_R19C6B       CIN1_TO_COUT1_DELAY     0.277                 15.415  2       
scanner/rowSelect/n603                                       NET DELAY               0.000                 15.415  2       
scanner/rowSelect/add_6_add_5_21/CI0->scanner/rowSelect/add_6_add_5_21/CO0
                                          SLICE_R19C6C       CIN0_TO_COUT0_DELAY     0.277                 15.692  2       
scanner/rowSelect/n1395                                      NET DELAY               0.000                 15.692  2       
scanner/rowSelect/add_6_add_5_21/CI1->scanner/rowSelect/add_6_add_5_21/CO1
                                          SLICE_R19C6C       CIN1_TO_COUT1_DELAY     0.277                 15.969  2       
scanner/rowSelect/n605                                       NET DELAY               0.000                 15.969  2       
scanner/rowSelect/add_6_add_5_23/CI0->scanner/rowSelect/add_6_add_5_23/CO0
                                          SLICE_R19C6D       CIN0_TO_COUT0_DELAY     0.277                 16.246  2       
scanner/rowSelect/n1398                                      NET DELAY               0.000                 16.246  2       
scanner/rowSelect/add_6_add_5_23/CI1->scanner/rowSelect/add_6_add_5_23/CO1
                                          SLICE_R19C6D       CIN1_TO_COUT1_DELAY     0.277                 16.523  2       
scanner/rowSelect/n607                                       NET DELAY               1.216                 17.739  2       
scanner/rowSelect/add_6_add_5_25/D0->scanner/rowSelect/add_6_add_5_25/S0
                                          SLICE_R19C7A       D0_TO_F0_DELAY          0.449                 18.188  1       
scanner/rowSelect/n132[23]                                   NET DELAY               3.357                 21.545  1       
scanner/rowSelect/i355_2_lut/A->scanner/rowSelect/i355_2_lut/Z
                                          SLICE_R17C6C       D1_TO_F1_DELAY          0.476                 22.021  1       
scanner/rowSelect/n38[23]                                    NET DELAY               0.000                 22.021  1       
scanner/rowSelect/count___i23/D                              ENDPOINT                0.000                 22.021  1       


Destination Clock Path
Name                                      Cell/Site Name     Delay Name           Incr      Arrival/Required Time  Fanout  
----------------------------------------  -----------------  -------------------  --------  ---------------------  ------  
                                                             CONSTRAINT              0.000                 20.833  1       
hf_osc/CLKHF                              HFOSC_HFOSC_R1C32  CLOCK LATENCY           0.000                 20.833  28      
timeMultiplexer/int_osc                                      NET DELAY               5.499                 26.332  28      
{scanner/rowSelect/count___i22/CK   scanner/rowSelect/count___i23/CK}
                                                             CLOCK PIN               0.000                 26.332  1       
                                                             Uncertainty          -(0.000)                 26.332  
                                                             Setup time           -(0.198)                 26.134  
----------------------------------------  -----------------  -------------------  --------  ---------------------  ------  
Required Time                                                                                              26.134  
Arrival Time                                                                                            -(22.020)  
----------------------------------------  -----------------  -------------------  --------  ---------------------  ------  
Path Slack  (Passed)                                                                                        4.113  




++++ Path 2 ++++++++++++++++++++++++++++++++++++++++++++++++++++++++++ 

Path Begin       : scanner/rowSelect/count___i0/Q  (SLICE_R18C4A)
Path End         : scanner/rowSelect/count___i24/D  (SLICE_R18C6B)
Source Clock     : int_osc (R)
Destination Clock: int_osc (R)
Logic Level      : 27
Delay Ratio      : 43.0% (route), 57.0% (logic)
Clock Skew       : 0.000 ns 
Setup Constraint : 20.833 ns 
Path Slack       : 4.761 ns  (Passed)


Source Clock Path
Name                                      Cell/Site Name     Delay Name           Incr      Arrival/Required Time  Fanout  
----------------------------------------  -----------------  -------------------  --------  ---------------------  ------  
hf_osc/CLKHF                              HFOSC_HFOSC_R1C32  CLOCK LATENCY           0.000                  0.000  28      
timeMultiplexer/int_osc                                      NET DELAY               5.499                  5.499  28      
{scanner/rowSelect/count___i1/CK   scanner/rowSelect/count___i0/CK}
                                                             CLOCK PIN               0.000                  5.499  1       


Data Path
Name                                      Cell/Site Name     Delay Name           Incr      Arrival/Required Time  Fanout  
----------------------------------------  -----------------  -------------------  --------  ---------------------  ------  
scanner/rowSelect/count___i0/CK->scanner/rowSelect/count___i0/Q
                                          SLICE_R18C4A       CLK_TO_Q1_DELAY         1.388                  6.887  2       
scanner/rowSelect/count[0]                                   NET DELAY               2.075                  8.962  2       
scanner/rowSelect/add_6_add_5_1/B1->scanner/rowSelect/add_6_add_5_1/CO1
                                          SLICE_R19C4A       B1_TO_COUT1_DELAY       0.357                  9.319  2       
scanner/rowSelect/n585                                       NET DELAY               0.000                  9.319  2       
scanner/rowSelect/add_6_add_5_3/CI0->scanner/rowSelect/add_6_add_5_3/CO0
                                          SLICE_R19C4B       CIN0_TO_COUT0_DELAY     0.277                  9.596  2       
scanner/rowSelect/n1368                                      NET DELAY               0.000                  9.596  2       
scanner/rowSelect/add_6_add_5_3/CI1->scanner/rowSelect/add_6_add_5_3/CO1
                                          SLICE_R19C4B       CIN1_TO_COUT1_DELAY     0.277                  9.873  2       
scanner/rowSelect/n587                                       NET DELAY               0.000                  9.873  2       
scanner/rowSelect/add_6_add_5_5/CI0->scanner/rowSelect/add_6_add_5_5/CO0
                                          SLICE_R19C4C       CIN0_TO_COUT0_DELAY     0.277                 10.150  2       
scanner/rowSelect/n1371                                      NET DELAY               0.000                 10.150  2       
scanner/rowSelect/add_6_add_5_5/CI1->scanner/rowSelect/add_6_add_5_5/CO1
                                          SLICE_R19C4C       CIN1_TO_COUT1_DELAY     0.277                 10.427  2       
scanner/rowSelect/n589                                       NET DELAY               0.000                 10.427  2       
scanner/rowSelect/add_6_add_5_7/CI0->scanner/rowSelect/add_6_add_5_7/CO0
                                          SLICE_R19C4D       CIN0_TO_COUT0_DELAY     0.277                 10.704  2       
scanner/rowSelect/n1374                                      NET DELAY               0.000                 10.704  2       
scanner/rowSelect/add_6_add_5_7/CI1->scanner/rowSelect/add_6_add_5_7/CO1
                                          SLICE_R19C4D       CIN1_TO_COUT1_DELAY     0.277                 10.981  2       
scanner/rowSelect/n591                                       NET DELAY               0.555                 11.536  2       
scanner/rowSelect/add_6_add_5_9/CI0->scanner/rowSelect/add_6_add_5_9/CO0
                                          SLICE_R19C5A       CIN0_TO_COUT0_DELAY     0.277                 11.813  2       
scanner/rowSelect/n1377                                      NET DELAY               0.000                 11.813  2       
scanner/rowSelect/add_6_add_5_9/CI1->scanner/rowSelect/add_6_add_5_9/CO1
                                          SLICE_R19C5A       CIN1_TO_COUT1_DELAY     0.277                 12.090  2       
scanner/rowSelect/n593                                       NET DELAY               0.000                 12.090  2       
scanner/rowSelect/add_6_add_5_11/CI0->scanner/rowSelect/add_6_add_5_11/CO0
                                          SLICE_R19C5B       CIN0_TO_COUT0_DELAY     0.277                 12.367  2       
scanner/rowSelect/n1380                                      NET DELAY               0.000                 12.367  2       
scanner/rowSelect/add_6_add_5_11/CI1->scanner/rowSelect/add_6_add_5_11/CO1
                                          SLICE_R19C5B       CIN1_TO_COUT1_DELAY     0.277                 12.644  2       
scanner/rowSelect/n595                                       NET DELAY               0.000                 12.644  2       
scanner/rowSelect/add_6_add_5_13/CI0->scanner/rowSelect/add_6_add_5_13/CO0
                                          SLICE_R19C5C       CIN0_TO_COUT0_DELAY     0.277                 12.921  2       
scanner/rowSelect/n1383                                      NET DELAY               0.000                 12.921  2       
scanner/rowSelect/add_6_add_5_13/CI1->scanner/rowSelect/add_6_add_5_13/CO1
                                          SLICE_R19C5C       CIN1_TO_COUT1_DELAY     0.277                 13.198  2       
scanner/rowSelect/n597                                       NET DELAY               0.000                 13.198  2       
scanner/rowSelect/add_6_add_5_15/CI0->scanner/rowSelect/add_6_add_5_15/CO0
                                          SLICE_R19C5D       CIN0_TO_COUT0_DELAY     0.277                 13.475  2       
scanner/rowSelect/n1386                                      NET DELAY               0.000                 13.475  2       
scanner/rowSelect/add_6_add_5_15/CI1->scanner/rowSelect/add_6_add_5_15/CO1
                                          SLICE_R19C5D       CIN1_TO_COUT1_DELAY     0.277                 13.752  2       
scanner/rowSelect/n599                                       NET DELAY               0.555                 14.307  2       
scanner/rowSelect/add_6_add_5_17/CI0->scanner/rowSelect/add_6_add_5_17/CO0
                                          SLICE_R19C6A       CIN0_TO_COUT0_DELAY     0.277                 14.584  2       
scanner/rowSelect/n1389                                      NET DELAY               0.000                 14.584  2       
scanner/rowSelect/add_6_add_5_17/CI1->scanner/rowSelect/add_6_add_5_17/CO1
                                          SLICE_R19C6A       CIN1_TO_COUT1_DELAY     0.277                 14.861  2       
scanner/rowSelect/n601                                       NET DELAY               0.000                 14.861  2       
scanner/rowSelect/add_6_add_5_19/CI0->scanner/rowSelect/add_6_add_5_19/CO0
                                          SLICE_R19C6B       CIN0_TO_COUT0_DELAY     0.277                 15.138  2       
scanner/rowSelect/n1392                                      NET DELAY               0.000                 15.138  2       
scanner/rowSelect/add_6_add_5_19/CI1->scanner/rowSelect/add_6_add_5_19/CO1
                                          SLICE_R19C6B       CIN1_TO_COUT1_DELAY     0.277                 15.415  2       
scanner/rowSelect/n603                                       NET DELAY               0.000                 15.415  2       
scanner/rowSelect/add_6_add_5_21/CI0->scanner/rowSelect/add_6_add_5_21/CO0
                                          SLICE_R19C6C       CIN0_TO_COUT0_DELAY     0.277                 15.692  2       
scanner/rowSelect/n1395                                      NET DELAY               0.000                 15.692  2       
scanner/rowSelect/add_6_add_5_21/CI1->scanner/rowSelect/add_6_add_5_21/CO1
                                          SLICE_R19C6C       CIN1_TO_COUT1_DELAY     0.277                 15.969  2       
scanner/rowSelect/n605                                       NET DELAY               0.000                 15.969  2       
scanner/rowSelect/add_6_add_5_23/CI0->scanner/rowSelect/add_6_add_5_23/CO0
                                          SLICE_R19C6D       CIN0_TO_COUT0_DELAY     0.277                 16.246  2       
scanner/rowSelect/n1398                                      NET DELAY               0.000                 16.246  2       
scanner/rowSelect/add_6_add_5_23/CI1->scanner/rowSelect/add_6_add_5_23/CO1
                                          SLICE_R19C6D       CIN1_TO_COUT1_DELAY     0.277                 16.523  2       
scanner/rowSelect/n607                                       NET DELAY               0.555                 17.078  2       
scanner/rowSelect/add_6_add_5_25/CI0->scanner/rowSelect/add_6_add_5_25/CO0
                                          SLICE_R19C7A       CIN0_TO_COUT0_DELAY     0.277                 17.355  2       
scanner/rowSelect/n1401                                      NET DELAY               0.661                 18.016  2       
scanner/rowSelect/add_6_add_5_25/D1->scanner/rowSelect/add_6_add_5_25/S1
                                          SLICE_R19C7A       D1_TO_F1_DELAY          0.449                 18.465  1       
scanner/rowSelect/n132[24]                                   NET DELAY               2.432                 20.897  1       
scanner/rowSelect/i354_2_lut/A->scanner/rowSelect/i354_2_lut/Z
                                          SLICE_R18C6B       C1_TO_F1_DELAY          0.476                 21.373  1       
scanner/rowSelect/n38[24]                                    NET DELAY               0.000                 21.373  1       
scanner/rowSelect/count___i24/D                              ENDPOINT                0.000                 21.373  1       


Destination Clock Path
Name                                      Cell/Site Name     Delay Name           Incr      Arrival/Required Time  Fanout  
----------------------------------------  -----------------  -------------------  --------  ---------------------  ------  
                                                             CONSTRAINT              0.000                 20.833  1       
hf_osc/CLKHF                              HFOSC_HFOSC_R1C32  CLOCK LATENCY           0.000                 20.833  28      
timeMultiplexer/int_osc                                      NET DELAY               5.499                 26.332  28      
scanner/rowSelect/count___i24/CK                             CLOCK PIN               0.000                 26.332  1       
                                                             Uncertainty          -(0.000)                 26.332  
                                                             Setup time           -(0.198)                 26.134  
----------------------------------------  -----------------  -------------------  --------  ---------------------  ------  
Required Time                                                                                              26.134  
Arrival Time                                                                                            -(21.372)  
----------------------------------------  -----------------  -------------------  --------  ---------------------  ------  
Path Slack  (Passed)                                                                                        4.761  




++++ Path 3 ++++++++++++++++++++++++++++++++++++++++++++++++++++++++++ 

Path Begin       : scanner/rowSelect/count___i0/Q  (SLICE_R18C4A)
Path End         : scanner/rowSelect/count___i22/D  (SLICE_R17C6C)
Source Clock     : int_osc (R)
Destination Clock: int_osc (R)
Logic Level      : 25
Delay Ratio      : 43.8% (route), 56.2% (logic)
Clock Skew       : 0.000 ns 
Setup Constraint : 20.833 ns 
Path Slack       : 5.539 ns  (Passed)


Source Clock Path
Name                                      Cell/Site Name     Delay Name           Incr      Arrival/Required Time  Fanout  
----------------------------------------  -----------------  -------------------  --------  ---------------------  ------  
hf_osc/CLKHF                              HFOSC_HFOSC_R1C32  CLOCK LATENCY           0.000                  0.000  28      
timeMultiplexer/int_osc                                      NET DELAY               5.499                  5.499  28      
{scanner/rowSelect/count___i1/CK   scanner/rowSelect/count___i0/CK}
                                                             CLOCK PIN               0.000                  5.499  1       


Data Path
Name                                      Cell/Site Name     Delay Name           Incr      Arrival/Required Time  Fanout  
----------------------------------------  -----------------  -------------------  --------  ---------------------  ------  
scanner/rowSelect/count___i0/CK->scanner/rowSelect/count___i0/Q
                                          SLICE_R18C4A       CLK_TO_Q1_DELAY         1.388                  6.887  2       
scanner/rowSelect/count[0]                                   NET DELAY               2.075                  8.962  2       
scanner/rowSelect/add_6_add_5_1/B1->scanner/rowSelect/add_6_add_5_1/CO1
                                          SLICE_R19C4A       B1_TO_COUT1_DELAY       0.357                  9.319  2       
scanner/rowSelect/n585                                       NET DELAY               0.000                  9.319  2       
scanner/rowSelect/add_6_add_5_3/CI0->scanner/rowSelect/add_6_add_5_3/CO0
                                          SLICE_R19C4B       CIN0_TO_COUT0_DELAY     0.277                  9.596  2       
scanner/rowSelect/n1368                                      NET DELAY               0.000                  9.596  2       
scanner/rowSelect/add_6_add_5_3/CI1->scanner/rowSelect/add_6_add_5_3/CO1
                                          SLICE_R19C4B       CIN1_TO_COUT1_DELAY     0.277                  9.873  2       
scanner/rowSelect/n587                                       NET DELAY               0.000                  9.873  2       
scanner/rowSelect/add_6_add_5_5/CI0->scanner/rowSelect/add_6_add_5_5/CO0
                                          SLICE_R19C4C       CIN0_TO_COUT0_DELAY     0.277                 10.150  2       
scanner/rowSelect/n1371                                      NET DELAY               0.000                 10.150  2       
scanner/rowSelect/add_6_add_5_5/CI1->scanner/rowSelect/add_6_add_5_5/CO1
                                          SLICE_R19C4C       CIN1_TO_COUT1_DELAY     0.277                 10.427  2       
scanner/rowSelect/n589                                       NET DELAY               0.000                 10.427  2       
scanner/rowSelect/add_6_add_5_7/CI0->scanner/rowSelect/add_6_add_5_7/CO0
                                          SLICE_R19C4D       CIN0_TO_COUT0_DELAY     0.277                 10.704  2       
scanner/rowSelect/n1374                                      NET DELAY               0.000                 10.704  2       
scanner/rowSelect/add_6_add_5_7/CI1->scanner/rowSelect/add_6_add_5_7/CO1
                                          SLICE_R19C4D       CIN1_TO_COUT1_DELAY     0.277                 10.981  2       
scanner/rowSelect/n591                                       NET DELAY               0.555                 11.536  2       
scanner/rowSelect/add_6_add_5_9/CI0->scanner/rowSelect/add_6_add_5_9/CO0
                                          SLICE_R19C5A       CIN0_TO_COUT0_DELAY     0.277                 11.813  2       
scanner/rowSelect/n1377                                      NET DELAY               0.000                 11.813  2       
scanner/rowSelect/add_6_add_5_9/CI1->scanner/rowSelect/add_6_add_5_9/CO1
                                          SLICE_R19C5A       CIN1_TO_COUT1_DELAY     0.277                 12.090  2       
scanner/rowSelect/n593                                       NET DELAY               0.000                 12.090  2       
scanner/rowSelect/add_6_add_5_11/CI0->scanner/rowSelect/add_6_add_5_11/CO0
                                          SLICE_R19C5B       CIN0_TO_COUT0_DELAY     0.277                 12.367  2       
scanner/rowSelect/n1380                                      NET DELAY               0.000                 12.367  2       
scanner/rowSelect/add_6_add_5_11/CI1->scanner/rowSelect/add_6_add_5_11/CO1
                                          SLICE_R19C5B       CIN1_TO_COUT1_DELAY     0.277                 12.644  2       
scanner/rowSelect/n595                                       NET DELAY               0.000                 12.644  2       
scanner/rowSelect/add_6_add_5_13/CI0->scanner/rowSelect/add_6_add_5_13/CO0
                                          SLICE_R19C5C       CIN0_TO_COUT0_DELAY     0.277                 12.921  2       
scanner/rowSelect/n1383                                      NET DELAY               0.000                 12.921  2       
scanner/rowSelect/add_6_add_5_13/CI1->scanner/rowSelect/add_6_add_5_13/CO1
                                          SLICE_R19C5C       CIN1_TO_COUT1_DELAY     0.277                 13.198  2       
scanner/rowSelect/n597                                       NET DELAY               0.000                 13.198  2       
scanner/rowSelect/add_6_add_5_15/CI0->scanner/rowSelect/add_6_add_5_15/CO0
                                          SLICE_R19C5D       CIN0_TO_COUT0_DELAY     0.277                 13.475  2       
scanner/rowSelect/n1386                                      NET DELAY               0.000                 13.475  2       
scanner/rowSelect/add_6_add_5_15/CI1->scanner/rowSelect/add_6_add_5_15/CO1
                                          SLICE_R19C5D       CIN1_TO_COUT1_DELAY     0.277                 13.752  2       
scanner/rowSelect/n599                                       NET DELAY               0.555                 14.307  2       
scanner/rowSelect/add_6_add_5_17/CI0->scanner/rowSelect/add_6_add_5_17/CO0
                                          SLICE_R19C6A       CIN0_TO_COUT0_DELAY     0.277                 14.584  2       
scanner/rowSelect/n1389                                      NET DELAY               0.000                 14.584  2       
scanner/rowSelect/add_6_add_5_17/CI1->scanner/rowSelect/add_6_add_5_17/CO1
                                          SLICE_R19C6A       CIN1_TO_COUT1_DELAY     0.277                 14.861  2       
scanner/rowSelect/n601                                       NET DELAY               0.000                 14.861  2       
scanner/rowSelect/add_6_add_5_19/CI0->scanner/rowSelect/add_6_add_5_19/CO0
                                          SLICE_R19C6B       CIN0_TO_COUT0_DELAY     0.277                 15.138  2       
scanner/rowSelect/n1392                                      NET DELAY               0.000                 15.138  2       
scanner/rowSelect/add_6_add_5_19/CI1->scanner/rowSelect/add_6_add_5_19/CO1
                                          SLICE_R19C6B       CIN1_TO_COUT1_DELAY     0.277                 15.415  2       
scanner/rowSelect/n603                                       NET DELAY               0.000                 15.415  2       
scanner/rowSelect/add_6_add_5_21/CI0->scanner/rowSelect/add_6_add_5_21/CO0
                                          SLICE_R19C6C       CIN0_TO_COUT0_DELAY     0.277                 15.692  2       
scanner/rowSelect/n1395                                      NET DELAY               0.000                 15.692  2       
scanner/rowSelect/add_6_add_5_21/CI1->scanner/rowSelect/add_6_add_5_21/CO1
                                          SLICE_R19C6C       CIN1_TO_COUT1_DELAY     0.277                 15.969  2       
scanner/rowSelect/n605                                       NET DELAY               0.000                 15.969  2       
scanner/rowSelect/add_6_add_5_23/CI0->scanner/rowSelect/add_6_add_5_23/CO0
                                          SLICE_R19C6D       CIN0_TO_COUT0_DELAY     0.277                 16.246  2       
scanner/rowSelect/n1398                                      NET DELAY               0.661                 16.907  2       
scanner/rowSelect/add_6_add_5_23/D1->scanner/rowSelect/add_6_add_5_23/S1
                                          SLICE_R19C6D       D1_TO_F1_DELAY          0.449                 17.356  1       
scanner/rowSelect/n132[22]                                   NET DELAY               2.763                 20.119  1       
scanner/rowSelect/i356_2_lut/A->scanner/rowSelect/i356_2_lut/Z
                                          SLICE_R17C6C       D0_TO_F0_DELAY          0.476                 20.595  1       
scanner/rowSelect/n38[22]                                    NET DELAY               0.000                 20.595  1       
scanner/rowSelect/count___i22/D                              ENDPOINT                0.000                 20.595  1       


Destination Clock Path
Name                                      Cell/Site Name     Delay Name           Incr      Arrival/Required Time  Fanout  
----------------------------------------  -----------------  -------------------  --------  ---------------------  ------  
                                                             CONSTRAINT              0.000                 20.833  1       
hf_osc/CLKHF                              HFOSC_HFOSC_R1C32  CLOCK LATENCY           0.000                 20.833  28      
timeMultiplexer/int_osc                                      NET DELAY               5.499                 26.332  28      
{scanner/rowSelect/count___i22/CK   scanner/rowSelect/count___i23/CK}
                                                             CLOCK PIN               0.000                 26.332  1       
                                                             Uncertainty          -(0.000)                 26.332  
                                                             Setup time           -(0.198)                 26.134  
----------------------------------------  -----------------  -------------------  --------  ---------------------  ------  
Required Time                                                                                              26.134  
Arrival Time                                                                                            -(20.594)  
----------------------------------------  -----------------  -------------------  --------  ---------------------  ------  
Path Slack  (Passed)                                                                                        5.539  




++++ Path 4 ++++++++++++++++++++++++++++++++++++++++++++++++++++++++++ 

Path Begin       : scanner/rowSelect/count___i0/Q  (SLICE_R18C4A)
Path End         : scanner/rowSelect/count___i21/D  (SLICE_R18C6C)
Source Clock     : int_osc (R)
Destination Clock: int_osc (R)
Logic Level      : 24
Delay Ratio      : 43.3% (route), 56.7% (logic)
Clock Skew       : 0.000 ns 
Setup Constraint : 20.833 ns 
Path Slack       : 6.147 ns  (Passed)


Source Clock Path
Name                                      Cell/Site Name     Delay Name           Incr      Arrival/Required Time  Fanout  
----------------------------------------  -----------------  -------------------  --------  ---------------------  ------  
hf_osc/CLKHF                              HFOSC_HFOSC_R1C32  CLOCK LATENCY           0.000                  0.000  28      
timeMultiplexer/int_osc                                      NET DELAY               5.499                  5.499  28      
{scanner/rowSelect/count___i1/CK   scanner/rowSelect/count___i0/CK}
                                                             CLOCK PIN               0.000                  5.499  1       


Data Path
Name                                      Cell/Site Name     Delay Name           Incr      Arrival/Required Time  Fanout  
----------------------------------------  -----------------  -------------------  --------  ---------------------  ------  
scanner/rowSelect/count___i0/CK->scanner/rowSelect/count___i0/Q
                                          SLICE_R18C4A       CLK_TO_Q1_DELAY         1.388                  6.887  2       
scanner/rowSelect/count[0]                                   NET DELAY               2.075                  8.962  2       
scanner/rowSelect/add_6_add_5_1/B1->scanner/rowSelect/add_6_add_5_1/CO1
                                          SLICE_R19C4A       B1_TO_COUT1_DELAY       0.357                  9.319  2       
scanner/rowSelect/n585                                       NET DELAY               0.000                  9.319  2       
scanner/rowSelect/add_6_add_5_3/CI0->scanner/rowSelect/add_6_add_5_3/CO0
                                          SLICE_R19C4B       CIN0_TO_COUT0_DELAY     0.277                  9.596  2       
scanner/rowSelect/n1368                                      NET DELAY               0.000                  9.596  2       
scanner/rowSelect/add_6_add_5_3/CI1->scanner/rowSelect/add_6_add_5_3/CO1
                                          SLICE_R19C4B       CIN1_TO_COUT1_DELAY     0.277                  9.873  2       
scanner/rowSelect/n587                                       NET DELAY               0.000                  9.873  2       
scanner/rowSelect/add_6_add_5_5/CI0->scanner/rowSelect/add_6_add_5_5/CO0
                                          SLICE_R19C4C       CIN0_TO_COUT0_DELAY     0.277                 10.150  2       
scanner/rowSelect/n1371                                      NET DELAY               0.000                 10.150  2       
scanner/rowSelect/add_6_add_5_5/CI1->scanner/rowSelect/add_6_add_5_5/CO1
                                          SLICE_R19C4C       CIN1_TO_COUT1_DELAY     0.277                 10.427  2       
scanner/rowSelect/n589                                       NET DELAY               0.000                 10.427  2       
scanner/rowSelect/add_6_add_5_7/CI0->scanner/rowSelect/add_6_add_5_7/CO0
                                          SLICE_R19C4D       CIN0_TO_COUT0_DELAY     0.277                 10.704  2       
scanner/rowSelect/n1374                                      NET DELAY               0.000                 10.704  2       
scanner/rowSelect/add_6_add_5_7/CI1->scanner/rowSelect/add_6_add_5_7/CO1
                                          SLICE_R19C4D       CIN1_TO_COUT1_DELAY     0.277                 10.981  2       
scanner/rowSelect/n591                                       NET DELAY               0.555                 11.536  2       
scanner/rowSelect/add_6_add_5_9/CI0->scanner/rowSelect/add_6_add_5_9/CO0
                                          SLICE_R19C5A       CIN0_TO_COUT0_DELAY     0.277                 11.813  2       
scanner/rowSelect/n1377                                      NET DELAY               0.000                 11.813  2       
scanner/rowSelect/add_6_add_5_9/CI1->scanner/rowSelect/add_6_add_5_9/CO1
                                          SLICE_R19C5A       CIN1_TO_COUT1_DELAY     0.277                 12.090  2       
scanner/rowSelect/n593                                       NET DELAY               0.000                 12.090  2       
scanner/rowSelect/add_6_add_5_11/CI0->scanner/rowSelect/add_6_add_5_11/CO0
                                          SLICE_R19C5B       CIN0_TO_COUT0_DELAY     0.277                 12.367  2       
scanner/rowSelect/n1380                                      NET DELAY               0.000                 12.367  2       
scanner/rowSelect/add_6_add_5_11/CI1->scanner/rowSelect/add_6_add_5_11/CO1
                                          SLICE_R19C5B       CIN1_TO_COUT1_DELAY     0.277                 12.644  2       
scanner/rowSelect/n595                                       NET DELAY               0.000                 12.644  2       
scanner/rowSelect/add_6_add_5_13/CI0->scanner/rowSelect/add_6_add_5_13/CO0
                                          SLICE_R19C5C       CIN0_TO_COUT0_DELAY     0.277                 12.921  2       
scanner/rowSelect/n1383                                      NET DELAY               0.000                 12.921  2       
scanner/rowSelect/add_6_add_5_13/CI1->scanner/rowSelect/add_6_add_5_13/CO1
                                          SLICE_R19C5C       CIN1_TO_COUT1_DELAY     0.277                 13.198  2       
scanner/rowSelect/n597                                       NET DELAY               0.000                 13.198  2       
scanner/rowSelect/add_6_add_5_15/CI0->scanner/rowSelect/add_6_add_5_15/CO0
                                          SLICE_R19C5D       CIN0_TO_COUT0_DELAY     0.277                 13.475  2       
scanner/rowSelect/n1386                                      NET DELAY               0.000                 13.475  2       
scanner/rowSelect/add_6_add_5_15/CI1->scanner/rowSelect/add_6_add_5_15/CO1
                                          SLICE_R19C5D       CIN1_TO_COUT1_DELAY     0.277                 13.752  2       
scanner/rowSelect/n599                                       NET DELAY               0.555                 14.307  2       
scanner/rowSelect/add_6_add_5_17/CI0->scanner/rowSelect/add_6_add_5_17/CO0
                                          SLICE_R19C6A       CIN0_TO_COUT0_DELAY     0.277                 14.584  2       
scanner/rowSelect/n1389                                      NET DELAY               0.000                 14.584  2       
scanner/rowSelect/add_6_add_5_17/CI1->scanner/rowSelect/add_6_add_5_17/CO1
                                          SLICE_R19C6A       CIN1_TO_COUT1_DELAY     0.277                 14.861  2       
scanner/rowSelect/n601                                       NET DELAY               0.000                 14.861  2       
scanner/rowSelect/add_6_add_5_19/CI0->scanner/rowSelect/add_6_add_5_19/CO0
                                          SLICE_R19C6B       CIN0_TO_COUT0_DELAY     0.277                 15.138  2       
scanner/rowSelect/n1392                                      NET DELAY               0.000                 15.138  2       
scanner/rowSelect/add_6_add_5_19/CI1->scanner/rowSelect/add_6_add_5_19/CO1
                                          SLICE_R19C6B       CIN1_TO_COUT1_DELAY     0.277                 15.415  2       
scanner/rowSelect/n603                                       NET DELAY               0.000                 15.415  2       
scanner/rowSelect/add_6_add_5_21/CI0->scanner/rowSelect/add_6_add_5_21/CO0
                                          SLICE_R19C6C       CIN0_TO_COUT0_DELAY     0.277                 15.692  2       
scanner/rowSelect/n1395                                      NET DELAY               0.000                 15.692  2       
scanner/rowSelect/add_6_add_5_21/CI1->scanner/rowSelect/add_6_add_5_21/CO1
                                          SLICE_R19C6C       CIN1_TO_COUT1_DELAY     0.277                 15.969  2       
scanner/rowSelect/n605                                       NET DELAY               0.661                 16.630  2       
scanner/rowSelect/add_6_add_5_23/D0->scanner/rowSelect/add_6_add_5_23/S0
                                          SLICE_R19C6D       D0_TO_F0_DELAY          0.449                 17.079  1       
scanner/rowSelect/n132[21]                                   NET DELAY               2.432                 19.511  1       
scanner/rowSelect/i358_2_lut/A->scanner/rowSelect/i358_2_lut/Z
                                          SLICE_R18C6C       C1_TO_F1_DELAY          0.476                 19.987  1       
scanner/rowSelect/n38[21]                                    NET DELAY               0.000                 19.987  1       
scanner/rowSelect/count___i21/D                              ENDPOINT                0.000                 19.987  1       


Destination Clock Path
Name                                      Cell/Site Name     Delay Name           Incr      Arrival/Required Time  Fanout  
----------------------------------------  -----------------  -------------------  --------  ---------------------  ------  
                                                             CONSTRAINT              0.000                 20.833  1       
hf_osc/CLKHF                              HFOSC_HFOSC_R1C32  CLOCK LATENCY           0.000                 20.833  28      
timeMultiplexer/int_osc                                      NET DELAY               5.499                 26.332  28      
{scanner/rowSelect/count___i20/CK   scanner/rowSelect/count___i21/CK}
                                                             CLOCK PIN               0.000                 26.332  1       
                                                             Uncertainty          -(0.000)                 26.332  
                                                             Setup time           -(0.198)                 26.134  
----------------------------------------  -----------------  -------------------  --------  ---------------------  ------  
Required Time                                                                                              26.134  
Arrival Time                                                                                            -(19.986)  
----------------------------------------  -----------------  -------------------  --------  ---------------------  ------  
Path Slack  (Passed)                                                                                        6.147  




++++ Path 5 ++++++++++++++++++++++++++++++++++++++++++++++++++++++++++ 

Path Begin       : scanner/rowSelect/count___i13/Q  (SLICE_R18C5C)
Path End         : {scanner/rowSelect/out_FSM_i2/SP   scanner/rowSelect/out_FSM_i3/SP}  (SLICE_R10C2A)
Source Clock     : int_osc (R)
Destination Clock: int_osc (R)
Logic Level      : 5
Delay Ratio      : 77.8% (route), 22.2% (logic)
Clock Skew       : 0.000 ns 
Setup Constraint : 20.833 ns 
Path Slack       : 6.188 ns  (Passed)


Source Clock Path
Name                                      Cell/Site Name     Delay Name       Incr      Arrival/Required Time  Fanout  
----------------------------------------  -----------------  ---------------  --------  ---------------------  ------  
hf_osc/CLKHF                              HFOSC_HFOSC_R1C32  CLOCK LATENCY       0.000                  0.000  28      
timeMultiplexer/int_osc                                      NET DELAY           5.499                  5.499  28      
{scanner/rowSelect/count___i12/CK   scanner/rowSelect/count___i13/CK}
                                                             CLOCK PIN           0.000                  5.499  1       


Data Path
Name                                      Cell/Site Name     Delay Name       Incr      Arrival/Required Time  Fanout  
----------------------------------------  -----------------  ---------------  --------  ---------------------  ------  
scanner/rowSelect/count___i13/CK->scanner/rowSelect/count___i13/Q
                                          SLICE_R18C5C       CLK_TO_Q1_DELAY     1.388                  6.887  2       
scanner/rowSelect/count[13]                                  NET DELAY           2.141                  9.028  2       
scanner/rowSelect/i8_4_lut/D->scanner/rowSelect/i8_4_lut/Z
                                          SLICE_R18C6B       A0_TO_F0_DELAY      0.449                  9.477  1       
scanner/rowSelect/n19                                        NET DELAY           2.763                 12.240  1       
scanner/rowSelect/i8_4_lut_adj_1/B->scanner/rowSelect/i8_4_lut_adj_1/Z
                                          SLICE_R17C5B       D0_TO_F0_DELAY      0.476                 12.716  1       
scanner/rowSelect/n23                                        NET DELAY           0.304                 13.020  1       
scanner/rowSelect/i14_4_lut/A->scanner/rowSelect/i14_4_lut/Z
                                          SLICE_R17C5B       C1_TO_F1_DELAY      0.449                 13.469  26      
scanner/rowSelect/n49                                        NET DELAY           2.168                 15.637  26      
scanner/rowSelect/i1_3_lut/A->scanner/rowSelect/i1_3_lut/Z
                                          SLICE_R17C5C       D1_TO_F1_DELAY      0.449                 16.086  2       
scanner/rowSelect/n394                                       NET DELAY           3.860                 19.946  2       
{scanner/rowSelect/out_FSM_i2/SP   scanner/rowSelect/out_FSM_i3/SP}
                                                             ENDPOINT            0.000                 19.946  1       


Destination Clock Path
Name                                      Cell/Site Name     Delay Name       Incr      Arrival/Required Time  Fanout  
----------------------------------------  -----------------  ---------------  --------  ---------------------  ------  
                                                             CONSTRAINT          0.000                 20.833  1       
hf_osc/CLKHF                              HFOSC_HFOSC_R1C32  CLOCK LATENCY       0.000                 20.833  28      
timeMultiplexer/int_osc                                      NET DELAY           5.499                 26.332  28      
{scanner/rowSelect/out_FSM_i2/CK   scanner/rowSelect/out_FSM_i3/CK}
                                                             CLOCK PIN           0.000                 26.332  1       
                                                             Uncertainty      -(0.000)                 26.332  
                                                             Setup time       -(0.198)                 26.134  
----------------------------------------  -----------------  ---------------  --------  ---------------------  ------  
Required Time                                                                                          26.134  
Arrival Time                                                                                        -(19.945)  
----------------------------------------  -----------------  ---------------  --------  ---------------------  ------  
Path Slack  (Passed)                                                                                    6.188  




++++ Path 6 ++++++++++++++++++++++++++++++++++++++++++++++++++++++++++ 

Path Begin       : scanner/rowSelect/count___i13/Q  (SLICE_R18C5C)
Path End         : {scanner/rowSelect/out_FSM_i0/SP   scanner/rowSelect/out_FSM_i1/SP}  (SLICE_R10C2D)
Source Clock     : int_osc (R)
Destination Clock: int_osc (R)
Logic Level      : 5
Delay Ratio      : 77.8% (route), 22.2% (logic)
Clock Skew       : 0.000 ns 
Setup Constraint : 20.833 ns 
Path Slack       : 6.188 ns  (Passed)


Source Clock Path
Name                                      Cell/Site Name     Delay Name       Incr      Arrival/Required Time  Fanout  
----------------------------------------  -----------------  ---------------  --------  ---------------------  ------  
hf_osc/CLKHF                              HFOSC_HFOSC_R1C32  CLOCK LATENCY       0.000                  0.000  28      
timeMultiplexer/int_osc                                      NET DELAY           5.499                  5.499  28      
{scanner/rowSelect/count___i12/CK   scanner/rowSelect/count___i13/CK}
                                                             CLOCK PIN           0.000                  5.499  1       


Data Path
Name                                      Cell/Site Name     Delay Name       Incr      Arrival/Required Time  Fanout  
----------------------------------------  -----------------  ---------------  --------  ---------------------  ------  
scanner/rowSelect/count___i13/CK->scanner/rowSelect/count___i13/Q
                                          SLICE_R18C5C       CLK_TO_Q1_DELAY     1.388                  6.887  2       
scanner/rowSelect/count[13]                                  NET DELAY           2.141                  9.028  2       
scanner/rowSelect/i8_4_lut/D->scanner/rowSelect/i8_4_lut/Z
                                          SLICE_R18C6B       A0_TO_F0_DELAY      0.449                  9.477  1       
scanner/rowSelect/n19                                        NET DELAY           2.763                 12.240  1       
scanner/rowSelect/i8_4_lut_adj_1/B->scanner/rowSelect/i8_4_lut_adj_1/Z
                                          SLICE_R17C5B       D0_TO_F0_DELAY      0.476                 12.716  1       
scanner/rowSelect/n23                                        NET DELAY           0.304                 13.020  1       
scanner/rowSelect/i14_4_lut/A->scanner/rowSelect/i14_4_lut/Z
                                          SLICE_R17C5B       C1_TO_F1_DELAY      0.449                 13.469  26      
scanner/rowSelect/n49                                        NET DELAY           2.168                 15.637  26      
scanner/rowSelect/i1_3_lut/A->scanner/rowSelect/i1_3_lut/Z
                                          SLICE_R17C5C       D1_TO_F1_DELAY      0.449                 16.086  2       
scanner/rowSelect/n394                                       NET DELAY           3.860                 19.946  2       
{scanner/rowSelect/out_FSM_i0/SP   scanner/rowSelect/out_FSM_i1/SP}
                                                             ENDPOINT            0.000                 19.946  1       


Destination Clock Path
Name                                      Cell/Site Name     Delay Name       Incr      Arrival/Required Time  Fanout  
----------------------------------------  -----------------  ---------------  --------  ---------------------  ------  
                                                             CONSTRAINT          0.000                 20.833  1       
hf_osc/CLKHF                              HFOSC_HFOSC_R1C32  CLOCK LATENCY       0.000                 20.833  28      
timeMultiplexer/int_osc                                      NET DELAY           5.499                 26.332  28      
{scanner/rowSelect/out_FSM_i0/CK   scanner/rowSelect/out_FSM_i1/CK}
                                                             CLOCK PIN           0.000                 26.332  1       
                                                             Uncertainty      -(0.000)                 26.332  
                                                             Setup time       -(0.198)                 26.134  
----------------------------------------  -----------------  ---------------  --------  ---------------------  ------  
Required Time                                                                                          26.134  
Arrival Time                                                                                        -(19.945)  
----------------------------------------  -----------------  ---------------  --------  ---------------------  ------  
Path Slack  (Passed)                                                                                    6.188  




++++ Path 7 ++++++++++++++++++++++++++++++++++++++++++++++++++++++++++ 

Path Begin       : scanner/rowSelect/count___i0/Q  (SLICE_R18C4A)
Path End         : scanner/rowSelect/count___i20/D  (SLICE_R18C6C)
Source Clock     : int_osc (R)
Destination Clock: int_osc (R)
Logic Level      : 23
Delay Ratio      : 44.4% (route), 55.6% (logic)
Clock Skew       : 0.000 ns 
Setup Constraint : 20.833 ns 
Path Slack       : 6.371 ns  (Passed)


Source Clock Path
Name                                      Cell/Site Name     Delay Name           Incr      Arrival/Required Time  Fanout  
----------------------------------------  -----------------  -------------------  --------  ---------------------  ------  
hf_osc/CLKHF                              HFOSC_HFOSC_R1C32  CLOCK LATENCY           0.000                  0.000  28      
timeMultiplexer/int_osc                                      NET DELAY               5.499                  5.499  28      
{scanner/rowSelect/count___i1/CK   scanner/rowSelect/count___i0/CK}
                                                             CLOCK PIN               0.000                  5.499  1       


Data Path
Name                                      Cell/Site Name     Delay Name           Incr      Arrival/Required Time  Fanout  
----------------------------------------  -----------------  -------------------  --------  ---------------------  ------  
scanner/rowSelect/count___i0/CK->scanner/rowSelect/count___i0/Q
                                          SLICE_R18C4A       CLK_TO_Q1_DELAY         1.388                  6.887  2       
scanner/rowSelect/count[0]                                   NET DELAY               2.075                  8.962  2       
scanner/rowSelect/add_6_add_5_1/B1->scanner/rowSelect/add_6_add_5_1/CO1
                                          SLICE_R19C4A       B1_TO_COUT1_DELAY       0.357                  9.319  2       
scanner/rowSelect/n585                                       NET DELAY               0.000                  9.319  2       
scanner/rowSelect/add_6_add_5_3/CI0->scanner/rowSelect/add_6_add_5_3/CO0
                                          SLICE_R19C4B       CIN0_TO_COUT0_DELAY     0.277                  9.596  2       
scanner/rowSelect/n1368                                      NET DELAY               0.000                  9.596  2       
scanner/rowSelect/add_6_add_5_3/CI1->scanner/rowSelect/add_6_add_5_3/CO1
                                          SLICE_R19C4B       CIN1_TO_COUT1_DELAY     0.277                  9.873  2       
scanner/rowSelect/n587                                       NET DELAY               0.000                  9.873  2       
scanner/rowSelect/add_6_add_5_5/CI0->scanner/rowSelect/add_6_add_5_5/CO0
                                          SLICE_R19C4C       CIN0_TO_COUT0_DELAY     0.277                 10.150  2       
scanner/rowSelect/n1371                                      NET DELAY               0.000                 10.150  2       
scanner/rowSelect/add_6_add_5_5/CI1->scanner/rowSelect/add_6_add_5_5/CO1
                                          SLICE_R19C4C       CIN1_TO_COUT1_DELAY     0.277                 10.427  2       
scanner/rowSelect/n589                                       NET DELAY               0.000                 10.427  2       
scanner/rowSelect/add_6_add_5_7/CI0->scanner/rowSelect/add_6_add_5_7/CO0
                                          SLICE_R19C4D       CIN0_TO_COUT0_DELAY     0.277                 10.704  2       
scanner/rowSelect/n1374                                      NET DELAY               0.000                 10.704  2       
scanner/rowSelect/add_6_add_5_7/CI1->scanner/rowSelect/add_6_add_5_7/CO1
                                          SLICE_R19C4D       CIN1_TO_COUT1_DELAY     0.277                 10.981  2       
scanner/rowSelect/n591                                       NET DELAY               0.555                 11.536  2       
scanner/rowSelect/add_6_add_5_9/CI0->scanner/rowSelect/add_6_add_5_9/CO0
                                          SLICE_R19C5A       CIN0_TO_COUT0_DELAY     0.277                 11.813  2       
scanner/rowSelect/n1377                                      NET DELAY               0.000                 11.813  2       
scanner/rowSelect/add_6_add_5_9/CI1->scanner/rowSelect/add_6_add_5_9/CO1
                                          SLICE_R19C5A       CIN1_TO_COUT1_DELAY     0.277                 12.090  2       
scanner/rowSelect/n593                                       NET DELAY               0.000                 12.090  2       
scanner/rowSelect/add_6_add_5_11/CI0->scanner/rowSelect/add_6_add_5_11/CO0
                                          SLICE_R19C5B       CIN0_TO_COUT0_DELAY     0.277                 12.367  2       
scanner/rowSelect/n1380                                      NET DELAY               0.000                 12.367  2       
scanner/rowSelect/add_6_add_5_11/CI1->scanner/rowSelect/add_6_add_5_11/CO1
                                          SLICE_R19C5B       CIN1_TO_COUT1_DELAY     0.277                 12.644  2       
scanner/rowSelect/n595                                       NET DELAY               0.000                 12.644  2       
scanner/rowSelect/add_6_add_5_13/CI0->scanner/rowSelect/add_6_add_5_13/CO0
                                          SLICE_R19C5C       CIN0_TO_COUT0_DELAY     0.277                 12.921  2       
scanner/rowSelect/n1383                                      NET DELAY               0.000                 12.921  2       
scanner/rowSelect/add_6_add_5_13/CI1->scanner/rowSelect/add_6_add_5_13/CO1
                                          SLICE_R19C5C       CIN1_TO_COUT1_DELAY     0.277                 13.198  2       
scanner/rowSelect/n597                                       NET DELAY               0.000                 13.198  2       
scanner/rowSelect/add_6_add_5_15/CI0->scanner/rowSelect/add_6_add_5_15/CO0
                                          SLICE_R19C5D       CIN0_TO_COUT0_DELAY     0.277                 13.475  2       
scanner/rowSelect/n1386                                      NET DELAY               0.000                 13.475  2       
scanner/rowSelect/add_6_add_5_15/CI1->scanner/rowSelect/add_6_add_5_15/CO1
                                          SLICE_R19C5D       CIN1_TO_COUT1_DELAY     0.277                 13.752  2       
scanner/rowSelect/n599                                       NET DELAY               0.555                 14.307  2       
scanner/rowSelect/add_6_add_5_17/CI0->scanner/rowSelect/add_6_add_5_17/CO0
                                          SLICE_R19C6A       CIN0_TO_COUT0_DELAY     0.277                 14.584  2       
scanner/rowSelect/n1389                                      NET DELAY               0.000                 14.584  2       
scanner/rowSelect/add_6_add_5_17/CI1->scanner/rowSelect/add_6_add_5_17/CO1
                                          SLICE_R19C6A       CIN1_TO_COUT1_DELAY     0.277                 14.861  2       
scanner/rowSelect/n601                                       NET DELAY               0.000                 14.861  2       
scanner/rowSelect/add_6_add_5_19/CI0->scanner/rowSelect/add_6_add_5_19/CO0
                                          SLICE_R19C6B       CIN0_TO_COUT0_DELAY     0.277                 15.138  2       
scanner/rowSelect/n1392                                      NET DELAY               0.000                 15.138  2       
scanner/rowSelect/add_6_add_5_19/CI1->scanner/rowSelect/add_6_add_5_19/CO1
                                          SLICE_R19C6B       CIN1_TO_COUT1_DELAY     0.277                 15.415  2       
scanner/rowSelect/n603                                       NET DELAY               0.000                 15.415  2       
scanner/rowSelect/add_6_add_5_21/CI0->scanner/rowSelect/add_6_add_5_21/CO0
                                          SLICE_R19C6C       CIN0_TO_COUT0_DELAY     0.277                 15.692  2       
scanner/rowSelect/n1395                                      NET DELAY               0.661                 16.353  2       
scanner/rowSelect/add_6_add_5_21/D1->scanner/rowSelect/add_6_add_5_21/S1
                                          SLICE_R19C6C       D1_TO_F1_DELAY          0.449                 16.802  1       
scanner/rowSelect/n132[20]                                   NET DELAY               2.485                 19.287  1       
scanner/rowSelect/i359_2_lut/A->scanner/rowSelect/i359_2_lut/Z
                                          SLICE_R18C6C       B0_TO_F0_DELAY          0.476                 19.763  1       
scanner/rowSelect/n38[20]                                    NET DELAY               0.000                 19.763  1       
scanner/rowSelect/count___i20/D                              ENDPOINT                0.000                 19.763  1       


Destination Clock Path
Name                                      Cell/Site Name     Delay Name           Incr      Arrival/Required Time  Fanout  
----------------------------------------  -----------------  -------------------  --------  ---------------------  ------  
                                                             CONSTRAINT              0.000                 20.833  1       
hf_osc/CLKHF                              HFOSC_HFOSC_R1C32  CLOCK LATENCY           0.000                 20.833  28      
timeMultiplexer/int_osc                                      NET DELAY               5.499                 26.332  28      
{scanner/rowSelect/count___i20/CK   scanner/rowSelect/count___i21/CK}
                                                             CLOCK PIN               0.000                 26.332  1       
                                                             Uncertainty          -(0.000)                 26.332  
                                                             Setup time           -(0.198)                 26.134  
----------------------------------------  -----------------  -------------------  --------  ---------------------  ------  
Required Time                                                                                              26.134  
Arrival Time                                                                                            -(19.762)  
----------------------------------------  -----------------  -------------------  --------  ---------------------  ------  
Path Slack  (Passed)                                                                                        6.371  




++++ Path 8 ++++++++++++++++++++++++++++++++++++++++++++++++++++++++++ 

Path Begin       : scanner/rowSelect/count___i0/Q  (SLICE_R18C4A)
Path End         : scanner/rowSelect/count___i17/D  (SLICE_R17C6D)
Source Clock     : int_osc (R)
Destination Clock: int_osc (R)
Logic Level      : 20
Delay Ratio      : 49.2% (route), 50.8% (logic)
Clock Skew       : 0.000 ns 
Setup Constraint : 20.833 ns 
Path Slack       : 6.660 ns  (Passed)


Source Clock Path
Name                                      Cell/Site Name     Delay Name           Incr      Arrival/Required Time  Fanout  
----------------------------------------  -----------------  -------------------  --------  ---------------------  ------  
hf_osc/CLKHF                              HFOSC_HFOSC_R1C32  CLOCK LATENCY           0.000                  0.000  28      
timeMultiplexer/int_osc                                      NET DELAY               5.499                  5.499  28      
{scanner/rowSelect/count___i1/CK   scanner/rowSelect/count___i0/CK}
                                                             CLOCK PIN               0.000                  5.499  1       


Data Path
Name                                      Cell/Site Name     Delay Name           Incr      Arrival/Required Time  Fanout  
----------------------------------------  -----------------  -------------------  --------  ---------------------  ------  
scanner/rowSelect/count___i0/CK->scanner/rowSelect/count___i0/Q
                                          SLICE_R18C4A       CLK_TO_Q1_DELAY         1.388                  6.887  2       
scanner/rowSelect/count[0]                                   NET DELAY               2.075                  8.962  2       
scanner/rowSelect/add_6_add_5_1/B1->scanner/rowSelect/add_6_add_5_1/CO1
                                          SLICE_R19C4A       B1_TO_COUT1_DELAY       0.357                  9.319  2       
scanner/rowSelect/n585                                       NET DELAY               0.000                  9.319  2       
scanner/rowSelect/add_6_add_5_3/CI0->scanner/rowSelect/add_6_add_5_3/CO0
                                          SLICE_R19C4B       CIN0_TO_COUT0_DELAY     0.277                  9.596  2       
scanner/rowSelect/n1368                                      NET DELAY               0.000                  9.596  2       
scanner/rowSelect/add_6_add_5_3/CI1->scanner/rowSelect/add_6_add_5_3/CO1
                                          SLICE_R19C4B       CIN1_TO_COUT1_DELAY     0.277                  9.873  2       
scanner/rowSelect/n587                                       NET DELAY               0.000                  9.873  2       
scanner/rowSelect/add_6_add_5_5/CI0->scanner/rowSelect/add_6_add_5_5/CO0
                                          SLICE_R19C4C       CIN0_TO_COUT0_DELAY     0.277                 10.150  2       
scanner/rowSelect/n1371                                      NET DELAY               0.000                 10.150  2       
scanner/rowSelect/add_6_add_5_5/CI1->scanner/rowSelect/add_6_add_5_5/CO1
                                          SLICE_R19C4C       CIN1_TO_COUT1_DELAY     0.277                 10.427  2       
scanner/rowSelect/n589                                       NET DELAY               0.000                 10.427  2       
scanner/rowSelect/add_6_add_5_7/CI0->scanner/rowSelect/add_6_add_5_7/CO0
                                          SLICE_R19C4D       CIN0_TO_COUT0_DELAY     0.277                 10.704  2       
scanner/rowSelect/n1374                                      NET DELAY               0.000                 10.704  2       
scanner/rowSelect/add_6_add_5_7/CI1->scanner/rowSelect/add_6_add_5_7/CO1
                                          SLICE_R19C4D       CIN1_TO_COUT1_DELAY     0.277                 10.981  2       
scanner/rowSelect/n591                                       NET DELAY               0.555                 11.536  2       
scanner/rowSelect/add_6_add_5_9/CI0->scanner/rowSelect/add_6_add_5_9/CO0
                                          SLICE_R19C5A       CIN0_TO_COUT0_DELAY     0.277                 11.813  2       
scanner/rowSelect/n1377                                      NET DELAY               0.000                 11.813  2       
scanner/rowSelect/add_6_add_5_9/CI1->scanner/rowSelect/add_6_add_5_9/CO1
                                          SLICE_R19C5A       CIN1_TO_COUT1_DELAY     0.277                 12.090  2       
scanner/rowSelect/n593                                       NET DELAY               0.000                 12.090  2       
scanner/rowSelect/add_6_add_5_11/CI0->scanner/rowSelect/add_6_add_5_11/CO0
                                          SLICE_R19C5B       CIN0_TO_COUT0_DELAY     0.277                 12.367  2       
scanner/rowSelect/n1380                                      NET DELAY               0.000                 12.367  2       
scanner/rowSelect/add_6_add_5_11/CI1->scanner/rowSelect/add_6_add_5_11/CO1
                                          SLICE_R19C5B       CIN1_TO_COUT1_DELAY     0.277                 12.644  2       
scanner/rowSelect/n595                                       NET DELAY               0.000                 12.644  2       
scanner/rowSelect/add_6_add_5_13/CI0->scanner/rowSelect/add_6_add_5_13/CO0
                                          SLICE_R19C5C       CIN0_TO_COUT0_DELAY     0.277                 12.921  2       
scanner/rowSelect/n1383                                      NET DELAY               0.000                 12.921  2       
scanner/rowSelect/add_6_add_5_13/CI1->scanner/rowSelect/add_6_add_5_13/CO1
                                          SLICE_R19C5C       CIN1_TO_COUT1_DELAY     0.277                 13.198  2       
scanner/rowSelect/n597                                       NET DELAY               0.000                 13.198  2       
scanner/rowSelect/add_6_add_5_15/CI0->scanner/rowSelect/add_6_add_5_15/CO0
                                          SLICE_R19C5D       CIN0_TO_COUT0_DELAY     0.277                 13.475  2       
scanner/rowSelect/n1386                                      NET DELAY               0.000                 13.475  2       
scanner/rowSelect/add_6_add_5_15/CI1->scanner/rowSelect/add_6_add_5_15/CO1
                                          SLICE_R19C5D       CIN1_TO_COUT1_DELAY     0.277                 13.752  2       
scanner/rowSelect/n599                                       NET DELAY               0.555                 14.307  2       
scanner/rowSelect/add_6_add_5_17/CI0->scanner/rowSelect/add_6_add_5_17/CO0
                                          SLICE_R19C6A       CIN0_TO_COUT0_DELAY     0.277                 14.584  2       
scanner/rowSelect/n1389                                      NET DELAY               0.000                 14.584  2       
scanner/rowSelect/add_6_add_5_17/CI1->scanner/rowSelect/add_6_add_5_17/CO1
                                          SLICE_R19C6A       CIN1_TO_COUT1_DELAY     0.277                 14.861  2       
scanner/rowSelect/n601                                       NET DELAY               0.661                 15.522  2       
scanner/rowSelect/add_6_add_5_19/D0->scanner/rowSelect/add_6_add_5_19/S0
                                          SLICE_R19C6B       D0_TO_F0_DELAY          0.449                 15.971  1       
scanner/rowSelect/n132[17]                                   NET DELAY               3.027                 18.998  1       
scanner/rowSelect/i362_2_lut/A->scanner/rowSelect/i362_2_lut/Z
                                          SLICE_R17C6D       C1_TO_F1_DELAY          0.476                 19.474  1       
scanner/rowSelect/n38[17]                                    NET DELAY               0.000                 19.474  1       
scanner/rowSelect/count___i17/D                              ENDPOINT                0.000                 19.474  1       


Destination Clock Path
Name                                      Cell/Site Name     Delay Name           Incr      Arrival/Required Time  Fanout  
----------------------------------------  -----------------  -------------------  --------  ---------------------  ------  
                                                             CONSTRAINT              0.000                 20.833  1       
hf_osc/CLKHF                              HFOSC_HFOSC_R1C32  CLOCK LATENCY           0.000                 20.833  28      
timeMultiplexer/int_osc                                      NET DELAY               5.499                 26.332  28      
{scanner/rowSelect/count___i16/CK   scanner/rowSelect/count___i17/CK}
                                                             CLOCK PIN               0.000                 26.332  1       
                                                             Uncertainty          -(0.000)                 26.332  
                                                             Setup time           -(0.198)                 26.134  
----------------------------------------  -----------------  -------------------  --------  ---------------------  ------  
Required Time                                                                                              26.134  
Arrival Time                                                                                            -(19.473)  
----------------------------------------  -----------------  -------------------  --------  ---------------------  ------  
Path Slack  (Passed)                                                                                        6.660  




++++ Path 9 ++++++++++++++++++++++++++++++++++++++++++++++++++++++++++ 

Path Begin       : timeMultiplexer/count___i0/Q  (SLICE_R13C4A)
Path End         : timeMultiplexer/count___i19/D  (SLICE_R15C6D)
Source Clock     : int_osc (R)
Destination Clock: int_osc (R)
Logic Level      : 22
Delay Ratio      : 45.1% (route), 54.9% (logic)
Clock Skew       : 0.000 ns 
Setup Constraint : 20.833 ns 
Path Slack       : 6.701 ns  (Passed)


Source Clock Path
Name                                      Cell/Site Name     Delay Name           Incr      Arrival/Required Time  Fanout  
----------------------------------------  -----------------  -------------------  --------  ---------------------  ------  
hf_osc/CLKHF                              HFOSC_HFOSC_R1C32  CLOCK LATENCY           0.000                  0.000  28      
timeMultiplexer/int_osc                                      NET DELAY               5.499                  5.499  28      
{timeMultiplexer/count___i1/CK   timeMultiplexer/count___i0/CK}
                                                             CLOCK PIN               0.000                  5.499  1       


Data Path
Name                                      Cell/Site Name     Delay Name           Incr      Arrival/Required Time  Fanout  
----------------------------------------  -----------------  -------------------  --------  ---------------------  ------  
timeMultiplexer/count___i0/CK->timeMultiplexer/count___i0/Q
                                          SLICE_R13C4A       CLK_TO_Q1_DELAY         1.388                  6.887  2       
timeMultiplexer/count[0]                                     NET DELAY               2.075                  8.962  2       
timeMultiplexer/add_6_add_5_1/B1->timeMultiplexer/add_6_add_5_1/CO1
                                          SLICE_R14C4A       B1_TO_COUT1_DELAY       0.357                  9.319  2       
timeMultiplexer/n563                                         NET DELAY               0.000                  9.319  2       
timeMultiplexer/add_6_add_5_3/CI0->timeMultiplexer/add_6_add_5_3/CO0
                                          SLICE_R14C4B       CIN0_TO_COUT0_DELAY     0.277                  9.596  2       
timeMultiplexer/n1404                                        NET DELAY               0.000                  9.596  2       
timeMultiplexer/add_6_add_5_3/CI1->timeMultiplexer/add_6_add_5_3/CO1
                                          SLICE_R14C4B       CIN1_TO_COUT1_DELAY     0.277                  9.873  2       
timeMultiplexer/n565                                         NET DELAY               0.000                  9.873  2       
timeMultiplexer/add_6_add_5_5/CI0->timeMultiplexer/add_6_add_5_5/CO0
                                          SLICE_R14C4C       CIN0_TO_COUT0_DELAY     0.277                 10.150  2       
timeMultiplexer/n1407                                        NET DELAY               0.000                 10.150  2       
timeMultiplexer/add_6_add_5_5/CI1->timeMultiplexer/add_6_add_5_5/CO1
                                          SLICE_R14C4C       CIN1_TO_COUT1_DELAY     0.277                 10.427  2       
timeMultiplexer/n567                                         NET DELAY               0.000                 10.427  2       
timeMultiplexer/add_6_add_5_7/CI0->timeMultiplexer/add_6_add_5_7/CO0
                                          SLICE_R14C4D       CIN0_TO_COUT0_DELAY     0.277                 10.704  2       
timeMultiplexer/n1410                                        NET DELAY               0.000                 10.704  2       
timeMultiplexer/add_6_add_5_7/CI1->timeMultiplexer/add_6_add_5_7/CO1
                                          SLICE_R14C4D       CIN1_TO_COUT1_DELAY     0.277                 10.981  2       
timeMultiplexer/n569                                         NET DELAY               0.555                 11.536  2       
timeMultiplexer/add_6_add_5_9/CI0->timeMultiplexer/add_6_add_5_9/CO0
                                          SLICE_R14C5A       CIN0_TO_COUT0_DELAY     0.277                 11.813  2       
timeMultiplexer/n1413                                        NET DELAY               0.000                 11.813  2       
timeMultiplexer/add_6_add_5_9/CI1->timeMultiplexer/add_6_add_5_9/CO1
                                          SLICE_R14C5A       CIN1_TO_COUT1_DELAY     0.277                 12.090  2       
timeMultiplexer/n571                                         NET DELAY               0.000                 12.090  2       
timeMultiplexer/add_6_add_5_11/CI0->timeMultiplexer/add_6_add_5_11/CO0
                                          SLICE_R14C5B       CIN0_TO_COUT0_DELAY     0.277                 12.367  2       
timeMultiplexer/n1416                                        NET DELAY               0.000                 12.367  2       
timeMultiplexer/add_6_add_5_11/CI1->timeMultiplexer/add_6_add_5_11/CO1
                                          SLICE_R14C5B       CIN1_TO_COUT1_DELAY     0.277                 12.644  2       
timeMultiplexer/n573                                         NET DELAY               0.000                 12.644  2       
timeMultiplexer/add_6_add_5_13/CI0->timeMultiplexer/add_6_add_5_13/CO0
                                          SLICE_R14C5C       CIN0_TO_COUT0_DELAY     0.277                 12.921  2       
timeMultiplexer/n1419                                        NET DELAY               0.000                 12.921  2       
timeMultiplexer/add_6_add_5_13/CI1->timeMultiplexer/add_6_add_5_13/CO1
                                          SLICE_R14C5C       CIN1_TO_COUT1_DELAY     0.277                 13.198  2       
timeMultiplexer/n575                                         NET DELAY               0.000                 13.198  2       
timeMultiplexer/add_6_add_5_15/CI0->timeMultiplexer/add_6_add_5_15/CO0
                                          SLICE_R14C5D       CIN0_TO_COUT0_DELAY     0.277                 13.475  2       
timeMultiplexer/n1422                                        NET DELAY               0.000                 13.475  2       
timeMultiplexer/add_6_add_5_15/CI1->timeMultiplexer/add_6_add_5_15/CO1
                                          SLICE_R14C5D       CIN1_TO_COUT1_DELAY     0.277                 13.752  2       
timeMultiplexer/n577                                         NET DELAY               0.555                 14.307  2       
timeMultiplexer/add_6_add_5_17/CI0->timeMultiplexer/add_6_add_5_17/CO0
                                          SLICE_R14C6A       CIN0_TO_COUT0_DELAY     0.277                 14.584  2       
timeMultiplexer/n1425                                        NET DELAY               0.000                 14.584  2       
timeMultiplexer/add_6_add_5_17/CI1->timeMultiplexer/add_6_add_5_17/CO1
                                          SLICE_R14C6A       CIN1_TO_COUT1_DELAY     0.277                 14.861  2       
timeMultiplexer/n579                                         NET DELAY               0.000                 14.861  2       
timeMultiplexer/add_6_add_5_19/CI0->timeMultiplexer/add_6_add_5_19/CO0
                                          SLICE_R14C6B       CIN0_TO_COUT0_DELAY     0.277                 15.138  2       
timeMultiplexer/n1428                                        NET DELAY               0.000                 15.138  2       
timeMultiplexer/add_6_add_5_19/CI1->timeMultiplexer/add_6_add_5_19/CO1
                                          SLICE_R14C6B       CIN1_TO_COUT1_DELAY     0.277                 15.415  2       
timeMultiplexer/n581                                         NET DELAY               0.661                 16.076  2       
timeMultiplexer/add_6_add_5_21/D0->timeMultiplexer/add_6_add_5_21/S0
                                          SLICE_R14C6C       D0_TO_F0_DELAY          0.449                 16.525  1       
timeMultiplexer/n112[19]                                     NET DELAY               2.432                 18.957  1       
timeMultiplexer/i388_2_lut/A->timeMultiplexer/i388_2_lut/Z
                                          SLICE_R15C6D       C1_TO_F1_DELAY          0.476                 19.433  1       
timeMultiplexer/n31[19]                                      NET DELAY               0.000                 19.433  1       
timeMultiplexer/count___i19/D                                ENDPOINT                0.000                 19.433  1       


Destination Clock Path
Name                                      Cell/Site Name     Delay Name           Incr      Arrival/Required Time  Fanout  
----------------------------------------  -----------------  -------------------  --------  ---------------------  ------  
                                                             CONSTRAINT              0.000                 20.833  1       
hf_osc/CLKHF                              HFOSC_HFOSC_R1C32  CLOCK LATENCY           0.000                 20.833  28      
timeMultiplexer/int_osc                                      NET DELAY               5.499                 26.332  28      
{timeMultiplexer/count___i18/CK   timeMultiplexer/count___i19/CK}
                                                             CLOCK PIN               0.000                 26.332  1       
                                                             Uncertainty          -(0.000)                 26.332  
                                                             Setup time           -(0.198)                 26.134  
----------------------------------------  -----------------  -------------------  --------  ---------------------  ------  
Required Time                                                                                              26.134  
Arrival Time                                                                                            -(19.432)  
----------------------------------------  -----------------  -------------------  --------  ---------------------  ------  
Path Slack  (Passed)                                                                                        6.701  




++++ Path 10 ++++++++++++++++++++++++++++++++++++++++++++++++++++++++++ 

Path Begin       : scanner/rowSelect/count___i0/Q  (SLICE_R18C4A)
Path End         : scanner/rowSelect/count___i19/D  (SLICE_R18C6A)
Source Clock     : int_osc (R)
Destination Clock: int_osc (R)
Logic Level      : 22
Delay Ratio      : 45.1% (route), 54.9% (logic)
Clock Skew       : 0.000 ns 
Setup Constraint : 20.833 ns 
Path Slack       : 6.701 ns  (Passed)


Source Clock Path
Name                                      Cell/Site Name     Delay Name           Incr      Arrival/Required Time  Fanout  
----------------------------------------  -----------------  -------------------  --------  ---------------------  ------  
hf_osc/CLKHF                              HFOSC_HFOSC_R1C32  CLOCK LATENCY           0.000                  0.000  28      
timeMultiplexer/int_osc                                      NET DELAY               5.499                  5.499  28      
{scanner/rowSelect/count___i1/CK   scanner/rowSelect/count___i0/CK}
                                                             CLOCK PIN               0.000                  5.499  1       


Data Path
Name                                      Cell/Site Name     Delay Name           Incr      Arrival/Required Time  Fanout  
----------------------------------------  -----------------  -------------------  --------  ---------------------  ------  
scanner/rowSelect/count___i0/CK->scanner/rowSelect/count___i0/Q
                                          SLICE_R18C4A       CLK_TO_Q1_DELAY         1.388                  6.887  2       
scanner/rowSelect/count[0]                                   NET DELAY               2.075                  8.962  2       
scanner/rowSelect/add_6_add_5_1/B1->scanner/rowSelect/add_6_add_5_1/CO1
                                          SLICE_R19C4A       B1_TO_COUT1_DELAY       0.357                  9.319  2       
scanner/rowSelect/n585                                       NET DELAY               0.000                  9.319  2       
scanner/rowSelect/add_6_add_5_3/CI0->scanner/rowSelect/add_6_add_5_3/CO0
                                          SLICE_R19C4B       CIN0_TO_COUT0_DELAY     0.277                  9.596  2       
scanner/rowSelect/n1368                                      NET DELAY               0.000                  9.596  2       
scanner/rowSelect/add_6_add_5_3/CI1->scanner/rowSelect/add_6_add_5_3/CO1
                                          SLICE_R19C4B       CIN1_TO_COUT1_DELAY     0.277                  9.873  2       
scanner/rowSelect/n587                                       NET DELAY               0.000                  9.873  2       
scanner/rowSelect/add_6_add_5_5/CI0->scanner/rowSelect/add_6_add_5_5/CO0
                                          SLICE_R19C4C       CIN0_TO_COUT0_DELAY     0.277                 10.150  2       
scanner/rowSelect/n1371                                      NET DELAY               0.000                 10.150  2       
scanner/rowSelect/add_6_add_5_5/CI1->scanner/rowSelect/add_6_add_5_5/CO1
                                          SLICE_R19C4C       CIN1_TO_COUT1_DELAY     0.277                 10.427  2       
scanner/rowSelect/n589                                       NET DELAY               0.000                 10.427  2       
scanner/rowSelect/add_6_add_5_7/CI0->scanner/rowSelect/add_6_add_5_7/CO0
                                          SLICE_R19C4D       CIN0_TO_COUT0_DELAY     0.277                 10.704  2       
scanner/rowSelect/n1374                                      NET DELAY               0.000                 10.704  2       
scanner/rowSelect/add_6_add_5_7/CI1->scanner/rowSelect/add_6_add_5_7/CO1
                                          SLICE_R19C4D       CIN1_TO_COUT1_DELAY     0.277                 10.981  2       
scanner/rowSelect/n591                                       NET DELAY               0.555                 11.536  2       
scanner/rowSelect/add_6_add_5_9/CI0->scanner/rowSelect/add_6_add_5_9/CO0
                                          SLICE_R19C5A       CIN0_TO_COUT0_DELAY     0.277                 11.813  2       
scanner/rowSelect/n1377                                      NET DELAY               0.000                 11.813  2       
scanner/rowSelect/add_6_add_5_9/CI1->scanner/rowSelect/add_6_add_5_9/CO1
                                          SLICE_R19C5A       CIN1_TO_COUT1_DELAY     0.277                 12.090  2       
scanner/rowSelect/n593                                       NET DELAY               0.000                 12.090  2       
scanner/rowSelect/add_6_add_5_11/CI0->scanner/rowSelect/add_6_add_5_11/CO0
                                          SLICE_R19C5B       CIN0_TO_COUT0_DELAY     0.277                 12.367  2       
scanner/rowSelect/n1380                                      NET DELAY               0.000                 12.367  2       
scanner/rowSelect/add_6_add_5_11/CI1->scanner/rowSelect/add_6_add_5_11/CO1
                                          SLICE_R19C5B       CIN1_TO_COUT1_DELAY     0.277                 12.644  2       
scanner/rowSelect/n595                                       NET DELAY               0.000                 12.644  2       
scanner/rowSelect/add_6_add_5_13/CI0->scanner/rowSelect/add_6_add_5_13/CO0
                                          SLICE_R19C5C       CIN0_TO_COUT0_DELAY     0.277                 12.921  2       
scanner/rowSelect/n1383                                      NET DELAY               0.000                 12.921  2       
scanner/rowSelect/add_6_add_5_13/CI1->scanner/rowSelect/add_6_add_5_13/CO1
                                          SLICE_R19C5C       CIN1_TO_COUT1_DELAY     0.277                 13.198  2       
scanner/rowSelect/n597                                       NET DELAY               0.000                 13.198  2       
scanner/rowSelect/add_6_add_5_15/CI0->scanner/rowSelect/add_6_add_5_15/CO0
                                          SLICE_R19C5D       CIN0_TO_COUT0_DELAY     0.277                 13.475  2       
scanner/rowSelect/n1386                                      NET DELAY               0.000                 13.475  2       
scanner/rowSelect/add_6_add_5_15/CI1->scanner/rowSelect/add_6_add_5_15/CO1
                                          SLICE_R19C5D       CIN1_TO_COUT1_DELAY     0.277                 13.752  2       
scanner/rowSelect/n599                                       NET DELAY               0.555                 14.307  2       
scanner/rowSelect/add_6_add_5_17/CI0->scanner/rowSelect/add_6_add_5_17/CO0
                                          SLICE_R19C6A       CIN0_TO_COUT0_DELAY     0.277                 14.584  2       
scanner/rowSelect/n1389                                      NET DELAY               0.000                 14.584  2       
scanner/rowSelect/add_6_add_5_17/CI1->scanner/rowSelect/add_6_add_5_17/CO1
                                          SLICE_R19C6A       CIN1_TO_COUT1_DELAY     0.277                 14.861  2       
scanner/rowSelect/n601                                       NET DELAY               0.000                 14.861  2       
scanner/rowSelect/add_6_add_5_19/CI0->scanner/rowSelect/add_6_add_5_19/CO0
                                          SLICE_R19C6B       CIN0_TO_COUT0_DELAY     0.277                 15.138  2       
scanner/rowSelect/n1392                                      NET DELAY               0.000                 15.138  2       
scanner/rowSelect/add_6_add_5_19/CI1->scanner/rowSelect/add_6_add_5_19/CO1
                                          SLICE_R19C6B       CIN1_TO_COUT1_DELAY     0.277                 15.415  2       
scanner/rowSelect/n603                                       NET DELAY               0.661                 16.076  2       
scanner/rowSelect/add_6_add_5_21/D0->scanner/rowSelect/add_6_add_5_21/S0
                                          SLICE_R19C6C       D0_TO_F0_DELAY          0.449                 16.525  1       
scanner/rowSelect/n132[19]                                   NET DELAY               2.432                 18.957  1       
scanner/rowSelect/i360_2_lut/A->scanner/rowSelect/i360_2_lut/Z
                                          SLICE_R18C6A       C1_TO_F1_DELAY          0.476                 19.433  1       
scanner/rowSelect/n38[19]                                    NET DELAY               0.000                 19.433  1       
scanner/rowSelect/count___i19/D                              ENDPOINT                0.000                 19.433  1       


Destination Clock Path
Name                                      Cell/Site Name     Delay Name           Incr      Arrival/Required Time  Fanout  
----------------------------------------  -----------------  -------------------  --------  ---------------------  ------  
                                                             CONSTRAINT              0.000                 20.833  1       
hf_osc/CLKHF                              HFOSC_HFOSC_R1C32  CLOCK LATENCY           0.000                 20.833  28      
timeMultiplexer/int_osc                                      NET DELAY               5.499                 26.332  28      
{scanner/rowSelect/count___i18/CK   scanner/rowSelect/count___i19/CK}
                                                             CLOCK PIN               0.000                 26.332  1       
                                                             Uncertainty          -(0.000)                 26.332  
                                                             Setup time           -(0.198)                 26.134  
----------------------------------------  -----------------  -------------------  --------  ---------------------  ------  
Required Time                                                                                              26.134  
Arrival Time                                                                                            -(19.432)  
----------------------------------------  -----------------  -------------------  --------  ---------------------  ------  
Path Slack  (Passed)                                                                                        6.701  



+++++++++++++++++++++++++++++++++++++++++++++++++++++++++++++++++++++ 
                    End of Detailed Report for timing paths 
+++++++++++++++++++++++++++++++++++++++++++++++++++++++++++++++++++++ 


##########################################################



===============================================================
3  Hold at Speed Grade m Corner at -40 Degrees
===============================================================

3.1  Endpoint slacks
=======================
-------------------------------------------------------
          Listing 10 End Points          |    Slack    
-------------------------------------------------------
scanner/rowSelect/out_FSM_i2/D           |    1.743 ns 
scanner/rowSelect/out_FSM_i3/D           |    1.743 ns 
scanner/rowSelect/out_FSM_i0/D           |    1.743 ns 
scanner/rowSelect/out_FSM_i1/D           |    1.743 ns 
timeMultiplexer/out[0]/D                 |    1.913 ns 
timeMultiplexer/count___i20/D            |    2.343 ns 
scanner/rowSelect/count___i8/D           |    3.143 ns 
scanner/rowSelect/count___i6/D           |    3.143 ns 
scanner/rowSelect/count___i4/D           |    3.143 ns 
scanner/rowSelect/count___i1/D           |    3.143 ns 
-------------------------------------------------------
                                         |             
Hold # of endpoints with negative slack: |           0 
                                         |             
-------------------------------------------------------

3.2  Detailed Report
=======================


XXXXXXXXXXXXXXXXXXXXXXXXXXXXXXXXXXXXXXXXXXXXXXXXXXXXXXXXXX

Detail report of critical paths

XXXXXXXXXXXXXXXXXXXXXXXXXXXXXXXXXXXXXXXXXXXXXXXXXXXXXXXXXX

+++++++++++++++++++++++++++++++++++++++++++++++++++++++++++++++++++++ 
                    Detailed Report for timing paths 
+++++++++++++++++++++++++++++++++++++++++++++++++++++++++++++++++++++ 

++++ Path 1 ++++++++++++++++++++++++++++++++++++++++++++++++++++++++++ 

Path Begin       : scanner/rowSelect/out_FSM_i1/Q  (SLICE_R10C2D)
Path End         : scanner/rowSelect/out_FSM_i2/D  (SLICE_R10C2A)
Source Clock     : int_osc (R)
Destination Clock: int_osc (R)
Logic Level      : 2
Delay Ratio      : 40.8% (route), 59.2% (logic)
Clock Skew       : 0.000 ns 
Hold Constraint  : 0.000 ns 
Path Slack       : 1.743 ns  (Passed)


Source Clock Path
Name                                      Cell/Site Name     Delay Name       Incr   Arrival/Required Time  Fanout  
----------------------------------------  -----------------  ---------------  -----  ---------------------  ------  
hf_osc/CLKHF                              HFOSC_HFOSC_R1C32  CLOCK LATENCY    0.000                  0.000  29      
timeMultiplexer/int_osc                                      NET DELAY        3.084                  3.084  29      
{scanner/rowSelect/out_FSM_i0/CK   scanner/rowSelect/out_FSM_i1/CK}
                                                             CLOCK PIN        0.000                  3.084  1       


Data Path
Name                                      Cell/Site Name     Delay Name       Incr   Arrival/Required Time  Fanout  
----------------------------------------  -----------------  ---------------  -----  ---------------------  ------  
scanner/rowSelect/out_FSM_i1/CK->scanner/rowSelect/out_FSM_i1/Q
                                          SLICE_R10C2D       CLK_TO_Q1_DELAY  0.779                  3.863  2       
scanner/rowSelect/rows_c[2]                                  NET DELAY        0.712                  4.575  2       
SLICE_25/D0->SLICE_25/F0                  SLICE_R10C2A       D0_TO_F0_DELAY   0.252                  4.827  1       
rows_c[2].sig_001.FeedThruLUT                                NET DELAY        0.000                  4.827  1       
scanner/rowSelect/out_FSM_i2/D                               ENDPOINT         0.000                  4.827  1       


Destination Clock Path
Name                                      Cell/Site Name     Delay Name       Incr   Arrival/Required Time  Fanout  
----------------------------------------  -----------------  ---------------  -----  ---------------------  ------  
                                                             CONSTRAINT       0.000                  0.000  1       
hf_osc/CLKHF                              HFOSC_HFOSC_R1C32  CLOCK LATENCY    0.000                  0.000  29      
timeMultiplexer/int_osc                                      NET DELAY        3.084                  3.084  29      
{scanner/rowSelect/out_FSM_i2/CK   scanner/rowSelect/out_FSM_i3/CK}
                                                             CLOCK PIN        0.000                  3.084  1       
                                                             Uncertainty      0.000                  3.084  
                                                             Hold time        0.000                  3.084  
----------------------------------------  -----------------  ---------------  -----  ---------------------  ------  
Required Time                                                                                       -3.084  
Arrival Time                                                                                         4.827  
----------------------------------------  -----------------  ---------------  -----  ---------------------  ------  
Path Slack  (Passed)                                                                                 1.743  




++++ Path 2 ++++++++++++++++++++++++++++++++++++++++++++++++++++++++++ 

Path Begin       : scanner/rowSelect/out_FSM_i2/Q  (SLICE_R10C2A)
Path End         : scanner/rowSelect/out_FSM_i3/D  (SLICE_R10C2A)
Source Clock     : int_osc (R)
Destination Clock: int_osc (R)
Logic Level      : 2
Delay Ratio      : 40.8% (route), 59.2% (logic)
Clock Skew       : 0.000 ns 
Hold Constraint  : 0.000 ns 
Path Slack       : 1.743 ns  (Passed)


Source Clock Path
Name                                      Cell/Site Name     Delay Name       Incr   Arrival/Required Time  Fanout  
----------------------------------------  -----------------  ---------------  -----  ---------------------  ------  
hf_osc/CLKHF                              HFOSC_HFOSC_R1C32  CLOCK LATENCY    0.000                  0.000  29      
timeMultiplexer/int_osc                                      NET DELAY        3.084                  3.084  29      
{scanner/rowSelect/out_FSM_i2/CK   scanner/rowSelect/out_FSM_i3/CK}
                                                             CLOCK PIN        0.000                  3.084  1       


Data Path
Name                                      Cell/Site Name     Delay Name       Incr   Arrival/Required Time  Fanout  
----------------------------------------  -----------------  ---------------  -----  ---------------------  ------  
scanner/rowSelect/out_FSM_i2/CK->scanner/rowSelect/out_FSM_i2/Q
                                          SLICE_R10C2A       CLK_TO_Q0_DELAY  0.779                  3.863  2       
scanner/rowSelect/rows_c[1]                                  NET DELAY        0.712                  4.575  2       
SLICE_25/D1->SLICE_25/F1                  SLICE_R10C2A       D1_TO_F1_DELAY   0.252                  4.827  1       
rows_c[1].sig_003.FeedThruLUT                                NET DELAY        0.000                  4.827  1       
scanner/rowSelect/out_FSM_i3/D                               ENDPOINT         0.000                  4.827  1       


Destination Clock Path
Name                                      Cell/Site Name     Delay Name       Incr   Arrival/Required Time  Fanout  
----------------------------------------  -----------------  ---------------  -----  ---------------------  ------  
                                                             CONSTRAINT       0.000                  0.000  1       
hf_osc/CLKHF                              HFOSC_HFOSC_R1C32  CLOCK LATENCY    0.000                  0.000  29      
timeMultiplexer/int_osc                                      NET DELAY        3.084                  3.084  29      
{scanner/rowSelect/out_FSM_i2/CK   scanner/rowSelect/out_FSM_i3/CK}
                                                             CLOCK PIN        0.000                  3.084  1       
                                                             Uncertainty      0.000                  3.084  
                                                             Hold time        0.000                  3.084  
----------------------------------------  -----------------  ---------------  -----  ---------------------  ------  
Required Time                                                                                       -3.084  
Arrival Time                                                                                         4.827  
----------------------------------------  -----------------  ---------------  -----  ---------------------  ------  
Path Slack  (Passed)                                                                                 1.743  




++++ Path 3 ++++++++++++++++++++++++++++++++++++++++++++++++++++++++++ 

Path Begin       : scanner/rowSelect/out_FSM_i3/Q  (SLICE_R10C2A)
Path End         : scanner/rowSelect/out_FSM_i0/D  (SLICE_R10C2D)
Source Clock     : int_osc (R)
Destination Clock: int_osc (R)
Logic Level      : 2
Delay Ratio      : 40.8% (route), 59.2% (logic)
Clock Skew       : 0.000 ns 
Hold Constraint  : 0.000 ns 
Path Slack       : 1.743 ns  (Passed)


Source Clock Path
Name                                      Cell/Site Name     Delay Name       Incr   Arrival/Required Time  Fanout  
----------------------------------------  -----------------  ---------------  -----  ---------------------  ------  
hf_osc/CLKHF                              HFOSC_HFOSC_R1C32  CLOCK LATENCY    0.000                  0.000  29      
timeMultiplexer/int_osc                                      NET DELAY        3.084                  3.084  29      
{scanner/rowSelect/out_FSM_i2/CK   scanner/rowSelect/out_FSM_i3/CK}
                                                             CLOCK PIN        0.000                  3.084  1       


Data Path
Name                                      Cell/Site Name     Delay Name       Incr   Arrival/Required Time  Fanout  
----------------------------------------  -----------------  ---------------  -----  ---------------------  ------  
scanner/rowSelect/out_FSM_i3/CK->scanner/rowSelect/out_FSM_i3/Q
                                          SLICE_R10C2A       CLK_TO_Q1_DELAY  0.779                  3.863  2       
scanner/rowSelect/rows_c[0]                                  NET DELAY        0.712                  4.575  2       
SLICE_24/D0->SLICE_24/F0                  SLICE_R10C2D       D0_TO_F0_DELAY   0.252                  4.827  1       
rows_c[0].sig_000.FeedThruLUT                                NET DELAY        0.000                  4.827  1       
scanner/rowSelect/out_FSM_i0/D                               ENDPOINT         0.000                  4.827  1       


Destination Clock Path
Name                                      Cell/Site Name     Delay Name       Incr   Arrival/Required Time  Fanout  
----------------------------------------  -----------------  ---------------  -----  ---------------------  ------  
                                                             CONSTRAINT       0.000                  0.000  1       
hf_osc/CLKHF                              HFOSC_HFOSC_R1C32  CLOCK LATENCY    0.000                  0.000  29      
timeMultiplexer/int_osc                                      NET DELAY        3.084                  3.084  29      
{scanner/rowSelect/out_FSM_i0/CK   scanner/rowSelect/out_FSM_i1/CK}
                                                             CLOCK PIN        0.000                  3.084  1       
                                                             Uncertainty      0.000                  3.084  
                                                             Hold time        0.000                  3.084  
----------------------------------------  -----------------  ---------------  -----  ---------------------  ------  
Required Time                                                                                       -3.084  
Arrival Time                                                                                         4.827  
----------------------------------------  -----------------  ---------------  -----  ---------------------  ------  
Path Slack  (Passed)                                                                                 1.743  




++++ Path 4 ++++++++++++++++++++++++++++++++++++++++++++++++++++++++++ 

Path Begin       : scanner/rowSelect/out_FSM_i0/Q  (SLICE_R10C2D)
Path End         : scanner/rowSelect/out_FSM_i1/D  (SLICE_R10C2D)
Source Clock     : int_osc (R)
Destination Clock: int_osc (R)
Logic Level      : 2
Delay Ratio      : 40.8% (route), 59.2% (logic)
Clock Skew       : 0.000 ns 
Hold Constraint  : 0.000 ns 
Path Slack       : 1.743 ns  (Passed)


Source Clock Path
Name                                      Cell/Site Name     Delay Name       Incr   Arrival/Required Time  Fanout  
----------------------------------------  -----------------  ---------------  -----  ---------------------  ------  
hf_osc/CLKHF                              HFOSC_HFOSC_R1C32  CLOCK LATENCY    0.000                  0.000  29      
timeMultiplexer/int_osc                                      NET DELAY        3.084                  3.084  29      
{scanner/rowSelect/out_FSM_i0/CK   scanner/rowSelect/out_FSM_i1/CK}
                                                             CLOCK PIN        0.000                  3.084  1       


Data Path
Name                                      Cell/Site Name     Delay Name       Incr   Arrival/Required Time  Fanout  
----------------------------------------  -----------------  ---------------  -----  ---------------------  ------  
scanner/rowSelect/out_FSM_i0/CK->scanner/rowSelect/out_FSM_i0/Q
                                          SLICE_R10C2D       CLK_TO_Q0_DELAY  0.779                  3.863  2       
scanner/rowSelect/rows_c[3]                                  NET DELAY        0.712                  4.575  2       
SLICE_24/D1->SLICE_24/F1                  SLICE_R10C2D       D1_TO_F1_DELAY   0.252                  4.827  1       
rows_c[3].sig_002.FeedThruLUT                                NET DELAY        0.000                  4.827  1       
scanner/rowSelect/out_FSM_i1/D                               ENDPOINT         0.000                  4.827  1       


Destination Clock Path
Name                                      Cell/Site Name     Delay Name       Incr   Arrival/Required Time  Fanout  
----------------------------------------  -----------------  ---------------  -----  ---------------------  ------  
                                                             CONSTRAINT       0.000                  0.000  1       
hf_osc/CLKHF                              HFOSC_HFOSC_R1C32  CLOCK LATENCY    0.000                  0.000  29      
timeMultiplexer/int_osc                                      NET DELAY        3.084                  3.084  29      
{scanner/rowSelect/out_FSM_i0/CK   scanner/rowSelect/out_FSM_i1/CK}
                                                             CLOCK PIN        0.000                  3.084  1       
                                                             Uncertainty      0.000                  3.084  
                                                             Hold time        0.000                  3.084  
----------------------------------------  -----------------  ---------------  -----  ---------------------  ------  
Required Time                                                                                       -3.084  
Arrival Time                                                                                         4.827  
----------------------------------------  -----------------  ---------------  -----  ---------------------  ------  
Path Slack  (Passed)                                                                                 1.743  




++++ Path 5 ++++++++++++++++++++++++++++++++++++++++++++++++++++++++++ 

Path Begin       : timeMultiplexer/out[0]/Q  (SLICE_R16C4A)
Path End         : timeMultiplexer/out[0]/D  (SLICE_R16C4A)
Source Clock     : int_osc (R)
Destination Clock: int_osc (R)
Logic Level      : 2
Delay Ratio      : 46.1% (route), 53.9% (logic)
Clock Skew       : 0.000 ns 
Hold Constraint  : 0.000 ns 
Path Slack       : 1.913 ns  (Passed)


Source Clock Path
Name                                      Cell/Site Name     Delay Name       Incr   Arrival/Required Time  Fanout  
----------------------------------------  -----------------  ---------------  -----  ---------------------  ------  
hf_osc/CLKHF                              HFOSC_HFOSC_R1C32  CLOCK LATENCY    0.000                  0.000  29      
timeMultiplexer/int_osc                                      NET DELAY        3.084                  3.084  29      
timeMultiplexer/out[0]/CK                                    CLOCK PIN        0.000                  3.084  1       


Data Path
Name                                      Cell/Site Name     Delay Name       Incr   Arrival/Required Time  Fanout  
----------------------------------------  -----------------  ---------------  -----  ---------------------  ------  
timeMultiplexer/out[0]/CK->timeMultiplexer/out[0]/Q
                                          SLICE_R16C4A       CLK_TO_Q1_DELAY  0.779                  3.863  7       
timeMultiplexer/a1_c                                         NET DELAY        0.882                  4.745  7       
timeMultiplexer/i1_2_lut/A->timeMultiplexer/i1_2_lut/Z
                                          SLICE_R16C4A       C1_TO_F1_DELAY   0.252                  4.997  1       
timeMultiplexer/n273                                         NET DELAY        0.000                  4.997  1       
timeMultiplexer/out[0]/D                                     ENDPOINT         0.000                  4.997  1       


Destination Clock Path
Name                                      Cell/Site Name     Delay Name       Incr   Arrival/Required Time  Fanout  
----------------------------------------  -----------------  ---------------  -----  ---------------------  ------  
                                                             CONSTRAINT       0.000                  0.000  1       
hf_osc/CLKHF                              HFOSC_HFOSC_R1C32  CLOCK LATENCY    0.000                  0.000  29      
timeMultiplexer/int_osc                                      NET DELAY        3.084                  3.084  29      
timeMultiplexer/out[0]/CK                                    CLOCK PIN        0.000                  3.084  1       
                                                             Uncertainty      0.000                  3.084  
                                                             Hold time        0.000                  3.084  
----------------------------------------  -----------------  ---------------  -----  ---------------------  ------  
Required Time                                                                                       -3.084  
Arrival Time                                                                                         4.997  
----------------------------------------  -----------------  ---------------  -----  ---------------------  ------  
Path Slack  (Passed)                                                                                 1.913  




++++ Path 6 ++++++++++++++++++++++++++++++++++++++++++++++++++++++++++ 

Path Begin       : timeMultiplexer/count___i20/Q  (SLICE_R14C6D)
Path End         : timeMultiplexer/count___i20/D  (SLICE_R14C6D)
Source Clock     : int_osc (R)
Destination Clock: int_osc (R)
Logic Level      : 3
Delay Ratio      : 45.2% (route), 54.8% (logic)
Clock Skew       : 0.000 ns 
Hold Constraint  : 0.000 ns 
Path Slack       : 2.343 ns  (Passed)


Source Clock Path
Name                                      Cell/Site Name     Delay Name       Incr   Arrival/Required Time  Fanout  
----------------------------------------  -----------------  ---------------  -----  ---------------------  ------  
hf_osc/CLKHF                              HFOSC_HFOSC_R1C32  CLOCK LATENCY    0.000                  0.000  29      
timeMultiplexer/int_osc                                      NET DELAY        3.084                  3.084  29      
timeMultiplexer/count___i20/CK                               CLOCK PIN        0.000                  3.084  1       


Data Path
Name                                      Cell/Site Name     Delay Name       Incr   Arrival/Required Time  Fanout  
----------------------------------------  -----------------  ---------------  -----  ---------------------  ------  
timeMultiplexer/count___i20/CK->timeMultiplexer/count___i20/Q
                                          SLICE_R14C6D       CLK_TO_Q0_DELAY  0.779                  3.863  2       
timeMultiplexer/count[20]                                    NET DELAY        0.912                  4.775  2       
timeMultiplexer/add_6_add_5_21/B1->timeMultiplexer/add_6_add_5_21/S1
                                          SLICE_R14C6C       B1_TO_F1_DELAY   0.252                  5.027  1       
timeMultiplexer/n112[20]                                     NET DELAY        0.148                  5.175  1       
timeMultiplexer/i387_2_lut/A->timeMultiplexer/i387_2_lut/Z
                                          SLICE_R14C6D       C0_TO_F0_DELAY   0.252                  5.427  1       
timeMultiplexer/n31[20]                                      NET DELAY        0.000                  5.427  1       
timeMultiplexer/count___i20/D                                ENDPOINT         0.000                  5.427  1       


Destination Clock Path
Name                                      Cell/Site Name     Delay Name       Incr   Arrival/Required Time  Fanout  
----------------------------------------  -----------------  ---------------  -----  ---------------------  ------  
                                                             CONSTRAINT       0.000                  0.000  1       
hf_osc/CLKHF                              HFOSC_HFOSC_R1C32  CLOCK LATENCY    0.000                  0.000  29      
timeMultiplexer/int_osc                                      NET DELAY        3.084                  3.084  29      
timeMultiplexer/count___i20/CK                               CLOCK PIN        0.000                  3.084  1       
                                                             Uncertainty      0.000                  3.084  
                                                             Hold time        0.000                  3.084  
----------------------------------------  -----------------  ---------------  -----  ---------------------  ------  
Required Time                                                                                       -3.084  
Arrival Time                                                                                         5.427  
----------------------------------------  -----------------  ---------------  -----  ---------------------  ------  
Path Slack  (Passed)                                                                                 2.343  




++++ Path 7 ++++++++++++++++++++++++++++++++++++++++++++++++++++++++++ 

Path Begin       : scanner/rowSelect/count___i8/Q  (SLICE_R18C5B)
Path End         : scanner/rowSelect/count___i8/D  (SLICE_R18C5B)
Source Clock     : int_osc (R)
Destination Clock: int_osc (R)
Logic Level      : 3
Delay Ratio      : 58.7% (route), 41.3% (logic)
Clock Skew       : 0.000 ns 
Hold Constraint  : 0.000 ns 
Path Slack       : 3.143 ns  (Passed)


Source Clock Path
Name                                      Cell/Site Name     Delay Name       Incr   Arrival/Required Time  Fanout  
----------------------------------------  -----------------  ---------------  -----  ---------------------  ------  
hf_osc/CLKHF                              HFOSC_HFOSC_R1C32  CLOCK LATENCY    0.000                  0.000  29      
timeMultiplexer/int_osc                                      NET DELAY        3.084                  3.084  29      
{scanner/rowSelect/count___i8/CK   scanner/rowSelect/count___i9/CK}
                                                             CLOCK PIN        0.000                  3.084  1       


Data Path
Name                                      Cell/Site Name     Delay Name       Incr   Arrival/Required Time  Fanout  
----------------------------------------  -----------------  ---------------  -----  ---------------------  ------  
scanner/rowSelect/count___i8/CK->scanner/rowSelect/count___i8/Q
                                          SLICE_R18C5B       CLK_TO_Q0_DELAY  0.779                  3.863  2       
scanner/rowSelect/count[8]                                   NET DELAY        0.912                  4.775  2       
scanner/rowSelect/add_6_add_5_9/B1->scanner/rowSelect/add_6_add_5_9/S1
                                          SLICE_R19C5A       B1_TO_F1_DELAY   0.266                  5.041  1       
scanner/rowSelect/n132[8]                                    NET DELAY        0.934                  5.975  1       
scanner/rowSelect/i379_2_lut/A->scanner/rowSelect/i379_2_lut/Z
                                          SLICE_R18C5B       D0_TO_F0_DELAY   0.252                  6.227  1       
scanner/rowSelect/n38[8]                                     NET DELAY        0.000                  6.227  1       
scanner/rowSelect/count___i8/D                               ENDPOINT         0.000                  6.227  1       


Destination Clock Path
Name                                      Cell/Site Name     Delay Name       Incr   Arrival/Required Time  Fanout  
----------------------------------------  -----------------  ---------------  -----  ---------------------  ------  
                                                             CONSTRAINT       0.000                  0.000  1       
hf_osc/CLKHF                              HFOSC_HFOSC_R1C32  CLOCK LATENCY    0.000                  0.000  29      
timeMultiplexer/int_osc                                      NET DELAY        3.084                  3.084  29      
{scanner/rowSelect/count___i8/CK   scanner/rowSelect/count___i9/CK}
                                                             CLOCK PIN        0.000                  3.084  1       
                                                             Uncertainty      0.000                  3.084  
                                                             Hold time        0.000                  3.084  
----------------------------------------  -----------------  ---------------  -----  ---------------------  ------  
Required Time                                                                                       -3.084  
Arrival Time                                                                                         6.227  
----------------------------------------  -----------------  ---------------  -----  ---------------------  ------  
Path Slack  (Passed)                                                                                 3.143  




++++ Path 8 ++++++++++++++++++++++++++++++++++++++++++++++++++++++++++ 

Path Begin       : scanner/rowSelect/count___i6/Q  (SLICE_R18C5D)
Path End         : scanner/rowSelect/count___i6/D  (SLICE_R18C5D)
Source Clock     : int_osc (R)
Destination Clock: int_osc (R)
Logic Level      : 3
Delay Ratio      : 58.7% (route), 41.3% (logic)
Clock Skew       : 0.000 ns 
Hold Constraint  : 0.000 ns 
Path Slack       : 3.143 ns  (Passed)


Source Clock Path
Name                                      Cell/Site Name     Delay Name       Incr   Arrival/Required Time  Fanout  
----------------------------------------  -----------------  ---------------  -----  ---------------------  ------  
hf_osc/CLKHF                              HFOSC_HFOSC_R1C32  CLOCK LATENCY    0.000                  0.000  29      
timeMultiplexer/int_osc                                      NET DELAY        3.084                  3.084  29      
{scanner/rowSelect/count___i6/CK   scanner/rowSelect/count___i7/CK}
                                                             CLOCK PIN        0.000                  3.084  1       


Data Path
Name                                      Cell/Site Name     Delay Name       Incr   Arrival/Required Time  Fanout  
----------------------------------------  -----------------  ---------------  -----  ---------------------  ------  
scanner/rowSelect/count___i6/CK->scanner/rowSelect/count___i6/Q
                                          SLICE_R18C5D       CLK_TO_Q0_DELAY  0.779                  3.863  2       
scanner/rowSelect/count[6]                                   NET DELAY        0.912                  4.775  2       
scanner/rowSelect/add_6_add_5_7/B1->scanner/rowSelect/add_6_add_5_7/S1
                                          SLICE_R19C4D       B1_TO_F1_DELAY   0.266                  5.041  1       
scanner/rowSelect/n132[6]                                    NET DELAY        0.934                  5.975  1       
scanner/rowSelect/i381_2_lut/A->scanner/rowSelect/i381_2_lut/Z
                                          SLICE_R18C5D       D0_TO_F0_DELAY   0.252                  6.227  1       
scanner/rowSelect/n38[6]                                     NET DELAY        0.000                  6.227  1       
scanner/rowSelect/count___i6/D                               ENDPOINT         0.000                  6.227  1       


Destination Clock Path
Name                                      Cell/Site Name     Delay Name       Incr   Arrival/Required Time  Fanout  
----------------------------------------  -----------------  ---------------  -----  ---------------------  ------  
                                                             CONSTRAINT       0.000                  0.000  1       
hf_osc/CLKHF                              HFOSC_HFOSC_R1C32  CLOCK LATENCY    0.000                  0.000  29      
timeMultiplexer/int_osc                                      NET DELAY        3.084                  3.084  29      
{scanner/rowSelect/count___i6/CK   scanner/rowSelect/count___i7/CK}
                                                             CLOCK PIN        0.000                  3.084  1       
                                                             Uncertainty      0.000                  3.084  
                                                             Hold time        0.000                  3.084  
----------------------------------------  -----------------  ---------------  -----  ---------------------  ------  
Required Time                                                                                       -3.084  
Arrival Time                                                                                         6.227  
----------------------------------------  -----------------  ---------------  -----  ---------------------  ------  
Path Slack  (Passed)                                                                                 3.143  




++++ Path 9 ++++++++++++++++++++++++++++++++++++++++++++++++++++++++++ 

Path Begin       : scanner/rowSelect/count___i4/Q  (SLICE_R18C4B)
Path End         : scanner/rowSelect/count___i4/D  (SLICE_R18C4B)
Source Clock     : int_osc (R)
Destination Clock: int_osc (R)
Logic Level      : 3
Delay Ratio      : 58.7% (route), 41.3% (logic)
Clock Skew       : 0.000 ns 
Hold Constraint  : 0.000 ns 
Path Slack       : 3.143 ns  (Passed)


Source Clock Path
Name                                      Cell/Site Name     Delay Name       Incr   Arrival/Required Time  Fanout  
----------------------------------------  -----------------  ---------------  -----  ---------------------  ------  
hf_osc/CLKHF                              HFOSC_HFOSC_R1C32  CLOCK LATENCY    0.000                  0.000  29      
timeMultiplexer/int_osc                                      NET DELAY        3.084                  3.084  29      
{scanner/rowSelect/count___i4/CK   scanner/rowSelect/count___i5/CK}
                                                             CLOCK PIN        0.000                  3.084  1       


Data Path
Name                                      Cell/Site Name     Delay Name       Incr   Arrival/Required Time  Fanout  
----------------------------------------  -----------------  ---------------  -----  ---------------------  ------  
scanner/rowSelect/count___i4/CK->scanner/rowSelect/count___i4/Q
                                          SLICE_R18C4B       CLK_TO_Q0_DELAY  0.779                  3.863  2       
scanner/rowSelect/count[4]                                   NET DELAY        0.912                  4.775  2       
scanner/rowSelect/add_6_add_5_5/B1->scanner/rowSelect/add_6_add_5_5/S1
                                          SLICE_R19C4C       B1_TO_F1_DELAY   0.266                  5.041  1       
scanner/rowSelect/n132[4]                                    NET DELAY        0.934                  5.975  1       
scanner/rowSelect/i383_2_lut/A->scanner/rowSelect/i383_2_lut/Z
                                          SLICE_R18C4B       D0_TO_F0_DELAY   0.252                  6.227  1       
scanner/rowSelect/n38[4]                                     NET DELAY        0.000                  6.227  1       
scanner/rowSelect/count___i4/D                               ENDPOINT         0.000                  6.227  1       


Destination Clock Path
Name                                      Cell/Site Name     Delay Name       Incr   Arrival/Required Time  Fanout  
----------------------------------------  -----------------  ---------------  -----  ---------------------  ------  
                                                             CONSTRAINT       0.000                  0.000  1       
hf_osc/CLKHF                              HFOSC_HFOSC_R1C32  CLOCK LATENCY    0.000                  0.000  29      
timeMultiplexer/int_osc                                      NET DELAY        3.084                  3.084  29      
{scanner/rowSelect/count___i4/CK   scanner/rowSelect/count___i5/CK}
                                                             CLOCK PIN        0.000                  3.084  1       
                                                             Uncertainty      0.000                  3.084  
                                                             Hold time        0.000                  3.084  
----------------------------------------  -----------------  ---------------  -----  ---------------------  ------  
Required Time                                                                                       -3.084  
Arrival Time                                                                                         6.227  
----------------------------------------  -----------------  ---------------  -----  ---------------------  ------  
Path Slack  (Passed)                                                                                 3.143  




++++ Path 10 ++++++++++++++++++++++++++++++++++++++++++++++++++++++++++ 

Path Begin       : scanner/rowSelect/count___i1/Q  (SLICE_R18C4A)
Path End         : scanner/rowSelect/count___i1/D  (SLICE_R18C4A)
Source Clock     : int_osc (R)
Destination Clock: int_osc (R)
Logic Level      : 3
Delay Ratio      : 58.7% (route), 41.3% (logic)
Clock Skew       : 0.000 ns 
Hold Constraint  : 0.000 ns 
Path Slack       : 3.143 ns  (Passed)


Source Clock Path
Name                                      Cell/Site Name     Delay Name       Incr   Arrival/Required Time  Fanout  
----------------------------------------  -----------------  ---------------  -----  ---------------------  ------  
hf_osc/CLKHF                              HFOSC_HFOSC_R1C32  CLOCK LATENCY    0.000                  0.000  29      
timeMultiplexer/int_osc                                      NET DELAY        3.084                  3.084  29      
{scanner/rowSelect/count___i1/CK   scanner/rowSelect/count___i0/CK}
                                                             CLOCK PIN        0.000                  3.084  1       


Data Path
Name                                      Cell/Site Name     Delay Name       Incr   Arrival/Required Time  Fanout  
----------------------------------------  -----------------  ---------------  -----  ---------------------  ------  
scanner/rowSelect/count___i1/CK->scanner/rowSelect/count___i1/Q
                                          SLICE_R18C4A       CLK_TO_Q0_DELAY  0.779                  3.863  2       
scanner/rowSelect/count[1]                                   NET DELAY        0.912                  4.775  2       
scanner/rowSelect/add_6_add_5_3/B0->scanner/rowSelect/add_6_add_5_3/S0
                                          SLICE_R19C4B       B0_TO_F0_DELAY   0.266                  5.041  1       
scanner/rowSelect/n132[1]                                    NET DELAY        0.934                  5.975  1       
scanner/rowSelect/i386_2_lut/A->scanner/rowSelect/i386_2_lut/Z
                                          SLICE_R18C4A       D0_TO_F0_DELAY   0.252                  6.227  1       
scanner/rowSelect/n38[1]                                     NET DELAY        0.000                  6.227  1       
scanner/rowSelect/count___i1/D                               ENDPOINT         0.000                  6.227  1       


Destination Clock Path
Name                                      Cell/Site Name     Delay Name       Incr   Arrival/Required Time  Fanout  
----------------------------------------  -----------------  ---------------  -----  ---------------------  ------  
                                                             CONSTRAINT       0.000                  0.000  1       
hf_osc/CLKHF                              HFOSC_HFOSC_R1C32  CLOCK LATENCY    0.000                  0.000  29      
timeMultiplexer/int_osc                                      NET DELAY        3.084                  3.084  29      
{scanner/rowSelect/count___i1/CK   scanner/rowSelect/count___i0/CK}
                                                             CLOCK PIN        0.000                  3.084  1       
                                                             Uncertainty      0.000                  3.084  
                                                             Hold time        0.000                  3.084  
----------------------------------------  -----------------  ---------------  -----  ---------------------  ------  
Required Time                                                                                       -3.084  
Arrival Time                                                                                         6.227  
----------------------------------------  -----------------  ---------------  -----  ---------------------  ------  
Path Slack  (Passed)                                                                                 3.143  



+++++++++++++++++++++++++++++++++++++++++++++++++++++++++++++++++++++ 
                    End of Detailed Report for timing paths 
+++++++++++++++++++++++++++++++++++++++++++++++++++++++++++++++++++++ 


##########################################################



